Account,Product,Period,Price
Bulletinte,Orange Punch,4/23/2014,8.45
Bloodiell,Barley,2/22/2014,11.08
Buddyanaphe,Saxophone Reed,1/14/2014,3.18
Chicatrisv,Flower Bouquet,4/23/2014,5.88
Quintin,Left-handed Scissors,3/21/2014,4.71
HanShort,Flower Bouquet,3/12/2014,7.64
Cellisti,Buzz Cola,4/2/2014,9.62
Posamne,Snow Plow,4/20/2014,4.33
Promsdeo,Squishee,1/13/2014,7.19
Hansgen,Flower Bouquet,4/22/2014,9.83
Perfectione,Slingshot,3/18/2014,12.15
OneHelp,Krusty-Os,3/20/2014,12.25
Firstrous,Buzz Cola,4/16/2014,4.02
GuyPhia,Hot Dog,1/13/2014,10.56
Blikingas,Devil Donut,2/3/2014,6.38
Arouset,Almond Milk,4/24/2014,5.26
Dolockar,Pacifier,1/10/2014,12.96
Chicatrisv,Barley,4/24/2014,8.44
PowerSomber,Saxophone Reed,2/18/2014,12.02
HeavenNarrative,Slingshot,3/19/2014,4.84
Shualich,Buzz Cola,4/25/2014,3.25
Mediantam,Flower Bouquet,3/27/2014,10.31
Perustima,Almond Milk,1/31/2014,7.19
Guantownta,Slingshot,3/17/2014,3.47
Keeferr,Krusty-Os,4/25/2014,3.47
Pathbaud,Flower Bouquet,2/28/2014,11.29
Fangossen,Snow Plow,4/12/2014,11.31
Earthamackb,Flower Bouquet,1/23/2014,6.49
Shoesasiane,Krusty-Os,1/6/2014,9.90
Kalamicvi,Barley,3/23/2014,9.04
HellUpdate,Bowling Ball,3/20/2014,3.92
Interca,Pacifier,2/3/2014,8.69
Ineschic,Barley,2/14/2014,10.70
Kittindol,Squishee,1/21/2014,3.21
Momjudebi,Devil Donut,4/23/2014,6.42
Okcupercl,Almond Milk,2/7/2014,10.71
Purplellis,Hot Dog,4/22/2014,12.66
Cimballe,Pacifier,3/20/2014,7.79
Plasipli,Left-handed Scissors,3/28/2014,5.77
MintBlogger,Buzz Cola,4/28/2014,3.06
Masonomou,Snow Plow,3/18/2014,5.02
Ollynden,Devil Donut,3/17/2014,5.01
Equancoat,Barley,2/3/2014,11.31
HellUpdate,Saxophone Reed,1/18/2014,12.04
PopularTwinkle,Orange Punch,4/25/2014,3.26
Authorksto,Orange Punch,2/21/2014,11.14
Bitfobaas,Krusty-Os,2/19/2014,4.72
Gladples,Left-handed Scissors,1/29/2014,4.31
Lyndatage,Flower Bouquet,3/26/2014,4.05
HelloGrand,Slingshot,1/21/2014,8.72
Giancell,Squishee,3/3/2014,5.19
DudeCozy,Orange Punch,3/2/2014,3.10
Alphenymp,Snow Plow,4/9/2014,6.28
Mmershpo,Devil Donut,1/15/2014,10.81
BlogVod,Snow Plow,2/6/2014,9.33
Plasipli,Bowling Ball,4/25/2014,4.87
Karield,Squishee,3/10/2014,3.38
Insideret,Barley,3/31/2014,3.41
Angelstage,Bowling Ball,3/17/2014,9.83
IteTabloid,Krusty-Os,1/1/2014,8.53
RazuKenka,Orange Punch,4/30/2014,6.15
Perustima,Bowling Ball,3/9/2014,7.15
Flakergo,Hot Dog,2/7/2014,4.96
AnnouncerKing,Almond Milk,4/21/2014,5.10
RatHunterCrescent,Almond Milk,3/21/2014,6.76
HanShort,Krusty-Os,1/16/2014,7.56
Pariserlo,Krusty-Os,1/29/2014,4.29
Namedstore,Flower Bouquet,3/4/2014,11.38
Mubarnet,Orange Punch,2/4/2014,9.36
Promsdeo,Almond Milk,4/24/2014,11.25
MurphyFan,Bowling Ball,2/28/2014,8.92
Gerystat,Buzz Cola,2/25/2014,9.69
ChiriShabby,Barley,3/30/2014,8.98
Hippopton,Barley,4/19/2014,9.90
Puppygman,Snow Plow,1/8/2014,8.94
Lithornet,Bowling Ball,3/15/2014,10.37
Quintin,Flower Bouquet,2/27/2014,6.47
Staressa,Almond Milk,3/23/2014,3.71
Bullowerre,Almond Milk,1/20/2014,6.60
Blesselud,Hot Dog,3/17/2014,3.86
Gambitches,Krusty-Os,4/21/2014,5.09
Pooleachou,Devil Donut,4/29/2014,5.49
Emidsient,Almond Milk,4/25/2014,7.72
Mmershpo,Left-handed Scissors,3/14/2014,9.05
Phianatune,Saxophone Reed,2/23/2014,10.91
Grouptu,Krusty-Os,1/23/2014,12.63
BugsSlayr,Snow Plow,1/7/2014,9.45
Advenopy,Buzz Cola,1/18/2014,9.22
BrainyZollo,Pacifier,3/29/2014,11.27
Leradobs,Krusty-Os,4/2/2014,12.52
Jobbcoqu,Almond Milk,2/24/2014,5.33
Reportsur,Flower Bouquet,1/8/2014,10.61
BugsSlayr,Devil Donut,3/31/2014,12.83
Kenkately,Saxophone Reed,4/18/2014,11.25
ChellTown,Left-handed Scissors,3/10/2014,7.62
Cuficel,Devil Donut,1/3/2014,4.36
NumeroTroik,Squishee,1/6/2014,6.16
PrestigeGlossy,Flower Bouquet,1/24/2014,8.71
Ificoact,Pacifier,3/5/2014,10.38
Nationtr,Snow Plow,4/24/2014,8.25
BabyPro,Barley,3/15/2014,5.26
Portmare,Orange Punch,1/6/2014,6.29
NekoAngelic,Left-handed Scissors,4/9/2014,9.04
InloveDiary,Saxophone Reed,1/9/2014,12.58
Apenguinda,Almond Milk,2/14/2014,10.15
Anhartzimm,Squishee,1/16/2014,3.59
Latinament,Almond Milk,1/28/2014,8.14
Equancoat,Saxophone Reed,1/23/2014,6.67
Nioneenf,Bowling Ball,2/27/2014,5.19
Bevectican,Bowling Ball,4/13/2014,8.90
Diaryptor,Slingshot,1/2/2014,12.83
Ladynallik,Buzz Cola,3/21/2014,8.60
Enzapper,Flower Bouquet,1/3/2014,3.44
IamBillHannah,Left-handed Scissors,4/13/2014,8.68
Selverac,Barley,1/7/2014,7.81
IteTabloid,Slingshot,4/20/2014,3.70
IteTabloid,Bowling Ball,3/11/2014,11.16
Euphartn,Orange Punch,3/8/2014,8.75
NumeroTroik,Buzz Cola,3/6/2014,7.54
Bradeluxie,Snow Plow,3/7/2014,7.08
Bloodiell,Slingshot,3/17/2014,5.72
Proudonnati,Bowling Ball,1/20/2014,12.15
Insideally,Left-handed Scissors,2/10/2014,6.30
BrainyZollo,Orange Punch,4/6/2014,9.53
Animorror,Devil Donut,2/22/2014,8.44
Pathbaud,Snow Plow,3/5/2014,8.99
Conspiracy,Snow Plow,2/11/2014,5.71
Hansgen,Krusty-Os,2/7/2014,11.59
ChiAra,Left-handed Scissors,3/29/2014,11.89
Chiaritail,Hot Dog,3/17/2014,6.55
Namedianon,Bowling Ball,3/21/2014,6.65
Global Media,Bowling Ball,1/12/2014,12.53
BingCheerup,Saxophone Reed,1/24/2014,7.19
HeraldIsSimple,Almond Milk,3/30/2014,7.03
Lukeythmed,Barley,2/21/2014,5.34
BristleSell,Buzz Cola,3/31/2014,11.18
Bothybarosa,Slingshot,3/13/2014,3.32
Intincrospr,Pacifier,3/12/2014,5.93
Kenkatani,Bowling Ball,4/28/2014,9.63
PowerSomber,Buzz Cola,4/21/2014,8.05
HeheBraceFizz,Orange Punch,4/1/2014,10.25
IamBillHannah,Bowling Ball,1/19/2014,3.40
Mithelle,Flower Bouquet,3/5/2014,6.88
DressySweetie,Slingshot,2/27/2014,6.70
Mundelise,Snow Plow,2/20/2014,6.90
Mediaux,Snow Plow,2/10/2014,6.67
CheeseSunset,Left-handed Scissors,3/27/2014,9.70
LogFly,Krusty-Os,4/4/2014,7.74
CleverSimple,Krusty-Os,1/30/2014,8.98
JimForlife,Hot Dog,2/18/2014,4.02
Bauhand,Barley,1/12/2014,11.14
NotBase,Hot Dog,1/8/2014,4.15
Fernotele,Left-handed Scissors,2/18/2014,6.98
Hansgen,Barley,3/17/2014,9.12
Blikitbec,Krusty-Os,4/5/2014,9.45
Screenary,Saxophone Reed,1/3/2014,10.19
FixEver,Barley,4/15/2014,9.89
Hockeywork,Buzz Cola,2/23/2014,12.50
NekoAngelic,Almond Milk,4/26/2014,5.92
Okcupercl,Hot Dog,1/20/2014,12.04
Slayerptig,Barley,3/1/2014,7.54
KiddoAnhart,Hot Dog,4/10/2014,3.39
AboveRosa,Krusty-Os,2/5/2014,12.39
Poshytess,Krusty-Os,4/19/2014,5.23
DeckTruck,Barley,2/14/2014,9.26
Quintin,Almond Milk,1/20/2014,8.39
Awareceleve,Snow Plow,1/4/2014,6.50
ListHaro,Snow Plow,3/23/2014,7.86
FriendTales,Saxophone Reed,3/11/2014,7.18
Alcheri,Buzz Cola,3/8/2014,4.82
Givandre,Almond Milk,3/12/2014,8.20
GinoWillows,Buzz Cola,1/26/2014,8.19
LuvBleak,Barley,1/11/2014,3.77
Lutechax,Squishee,2/25/2014,9.24
NipZero,Saxophone Reed,4/24/2014,9.72
Caperlexe,Barley,4/11/2014,9.16
NotBase,Slingshot,2/24/2014,5.03
Actuallywo,Hot Dog,2/26/2014,12.84
Gladples,Krusty-Os,4/30/2014,8.63
Diaryptor,Orange Punch,4/30/2014,5.76
Lyndatage,Buzz Cola,4/25/2014,8.14
Bedsoft,Flower Bouquet,1/1/2014,12.41
Nanosill,Bowling Ball,3/14/2014,7.42
ChiriShabby,Flower Bouquet,4/25/2014,11.73
HulkBlonde,Almond Milk,1/12/2014,8.09
Mithelle,Krusty-Os,1/26/2014,11.81
Kampenta,Left-handed Scissors,2/8/2014,7.44
MagazineMercy,Almond Milk,1/26/2014,11.01
Phiatechma,Snow Plow,2/13/2014,6.65
Mundelise,Saxophone Reed,2/8/2014,8.52
Palecto,Devil Donut,1/15/2014,10.68
Arouset,Devil Donut,4/18/2014,10.71
EyesWaveWaka,Saxophone Reed,3/6/2014,6.37
Hopercomni,Flower Bouquet,1/22/2014,7.44
Expeline,Squishee,3/28/2014,7.11
Bozicalyste,Slingshot,1/28/2014,11.01
Equancoat,Slingshot,3/15/2014,6.77
Latinament,Buzz Cola,2/27/2014,12.60
Lentelty,Orange Punch,2/25/2014,11.50
Perfectione,Almond Milk,4/6/2014,8.48
Carestl,Snow Plow,3/19/2014,3.11
IamBillHannah,Barley,3/1/2014,5.44
Bauhand,Barley,4/16/2014,5.92
Legendehic,Hot Dog,4/3/2014,9.76
Dailiesol,Orange Punch,1/20/2014,10.20
Holyncepha,Bowling Ball,2/19/2014,6.25
Feathmind,Orange Punch,4/14/2014,9.65
BlogVod,Bowling Ball,1/19/2014,7.45
Acme,Almond Milk,4/23/2014,9.82
EyesWaveWaka,Buzz Cola,1/12/2014,12.37
PopularTwinkle,Flower Bouquet,4/4/2014,3.64
InvaderRoll,Hot Dog,2/20/2014,12.93
Intellba,Flower Bouquet,3/28/2014,12.10
Perustima,Left-handed Scissors,2/10/2014,6.51
Eapperpl,Almond Milk,4/18/2014,9.78
Diaryptor,Almond Milk,3/14/2014,9.33
Noticeteat,Devil Donut,3/7/2014,7.70
GoldCrayon,Saxophone Reed,1/29/2014,11.48
Cordlets,Devil Donut,3/27/2014,11.75
Grinfous,Squishee,2/19/2014,10.65
Clericmat,Bowling Ball,3/14/2014,12.16
Cimballe,Squishee,3/30/2014,5.08
Hopebbield,Orange Punch,2/24/2014,8.76
Reenaca,Almond Milk,4/11/2014,8.50
Nioneenf,Devil Donut,2/10/2014,9.48
AlphaRpg,Bowling Ball,2/25/2014,11.51
Rockeefl,Devil Donut,4/24/2014,10.01
Global Media,Almond Milk,2/14/2014,9.56
Hanglober,Krusty-Os,4/16/2014,10.50
Prestigeye,Devil Donut,2/11/2014,11.53
HulkBlonde,Devil Donut,1/1/2014,10.15
CatMonkey,Left-handed Scissors,4/22/2014,10.33
Pistarynx,Orange Punch,1/2/2014,7.06
LogFly,Snow Plow,3/10/2014,9.84
DoubleTen,Orange Punch,2/13/2014,12.84
Lutechax,Devil Donut,3/22/2014,3.33
Mediantam,Bowling Ball,3/19/2014,3.38
Pedabrsel,Flower Bouquet,3/20/2014,5.66
LiveStargal,Hot Dog,4/17/2014,8.00
Perfeho,Hot Dog,2/6/2014,4.51
Dickader,Buzz Cola,1/6/2014,5.34
Advenopy,Hot Dog,4/13/2014,7.94
AboveRosa,Pacifier,4/22/2014,3.29
Notusetti,Devil Donut,4/28/2014,7.89
Blikitbec,Devil Donut,2/17/2014,12.61
Perfectione,Squishee,4/17/2014,5.80
PattyFreezing,Snow Plow,3/29/2014,6.40
NotBase,Pacifier,4/8/2014,12.63
JournalKnot,Almond Milk,3/5/2014,7.70
Garnetter,Flower Bouquet,2/19/2014,8.15
Buddyella,Saxophone Reed,3/20/2014,3.95
Portmare,Hot Dog,2/10/2014,4.72
Capenikk,Almond Milk,2/16/2014,11.08
IteTabloid,Squishee,4/29/2014,5.66
Mowerpatste,Squishee,4/16/2014,8.62
Palecto,Pacifier,3/9/2014,8.64
Nationtr,Almond Milk,2/13/2014,7.61
Seepanethor,Slingshot,2/2/2014,7.14
FantasyXoxox,Slingshot,1/30/2014,9.81
Nioneenf,Almond Milk,2/18/2014,4.46
Cochinger,Orange Punch,1/10/2014,8.10
Japanos,Orange Punch,1/22/2014,11.53
Bingovence,Slingshot,2/10/2014,8.72
Divisional,Snow Plow,2/3/2014,3.24
Screenary,Snow Plow,4/22/2014,7.67
Funkimagia,Bowling Ball,4/30/2014,6.14
Shoesasiane,Buzz Cola,2/18/2014,7.73
NotBase,Snow Plow,4/12/2014,10.47
Dailiesol,Krusty-Os,2/12/2014,4.17
Mmershpo,Flower Bouquet,4/19/2014,10.05
Daranter,Pacifier,1/28/2014,12.33
ForlifeLittle,Slingshot,1/4/2014,5.63
Besteres,Flower Bouquet,2/7/2014,3.04
KaptainHerald,Pacifier,4/22/2014,11.49
BoboSweetBroadway,Flower Bouquet,4/4/2014,5.67
Euphartn,Slingshot,4/9/2014,4.11
ListHaro,Orange Punch,3/2/2014,4.29
PartyBright,Bowling Ball,3/23/2014,10.20
Nanosill,Buzz Cola,3/18/2014,11.86
Hopebbield,Barley,1/3/2014,7.48
Chicatrisv,Snow Plow,3/2/2014,11.03
AnnouncerNephew,Devil Donut,4/12/2014,7.07
Cellisti,Squishee,3/15/2014,12.34
Logiclynn,Slingshot,2/16/2014,7.18
Holyncepha,Slingshot,1/24/2014,6.45
Dustpla,Squishee,1/6/2014,6.19
Careampa,Flower Bouquet,1/13/2014,3.52
Awareceleve,Devil Donut,4/30/2014,8.90
Reenaca,Left-handed Scissors,4/22/2014,4.50
Awareceleve,Bowling Ball,4/28/2014,3.64
Genusting,Saxophone Reed,3/9/2014,6.97
ArsenalKino,Bowling Ball,4/1/2014,11.24
Bridgec,Left-handed Scissors,2/9/2014,10.74
AnnouncerNephew,Squishee,2/3/2014,11.87
Gladples,Buzz Cola,3/21/2014,12.87
Gerystat,Barley,2/21/2014,11.93
Promsdeo,Hot Dog,4/11/2014,12.87
DoggIntincr,Flower Bouquet,4/22/2014,4.86
Mazdobatu,Squishee,4/27/2014,8.59
Ionidexcros,Barley,3/29/2014,4.64
Chilledet,Flower Bouquet,4/10/2014,10.34
AboutWise,Hot Dog,1/13/2014,10.23
Intellba,Devil Donut,4/20/2014,10.35
Networker,Saxophone Reed,2/18/2014,7.62
Shaticubed,Hot Dog,2/27/2014,4.23
Sigands,Pacifier,4/22/2014,8.32
Intincrol,Krusty-Os,3/22/2014,9.87
BauerPure,Almond Milk,1/14/2014,10.74
Buddyella,Snow Plow,1/1/2014,4.86
Funkimagia,Barley,1/19/2014,3.52
Daranter,Left-handed Scissors,4/19/2014,7.78
Inktonu,Left-handed Scissors,4/29/2014,12.79
Chestium,Pacifier,4/23/2014,7.10
Ladynallik,Flower Bouquet,3/17/2014,12.50
BoboSweetBroadway,Flower Bouquet,3/30/2014,7.76
Portmare,Bowling Ball,3/1/2014,5.29
Gambitches,Devil Donut,1/8/2014,7.36
Isergoba,Hot Dog,2/20/2014,12.26
Feistybera,Buzz Cola,1/20/2014,11.91
Emachere,Snow Plow,3/30/2014,4.98
Alphenymp,Snow Plow,2/13/2014,12.58
Nordimi,Saxophone Reed,4/16/2014,10.54
Deepnesca,Almond Milk,1/14/2014,8.78
Forsyncer,Left-handed Scissors,1/29/2014,3.03
HelloGrand,Squishee,4/19/2014,11.56
RatWitchHott,Slingshot,1/27/2014,12.28
ChonePitcher,Krusty-Os,1/2/2014,6.80
Mudsalib,Slingshot,4/19/2014,3.85
ShowHead,Left-handed Scissors,3/4/2014,5.68
Mundelise,Squishee,1/1/2014,4.35
Mintaliers,Bowling Ball,2/20/2014,5.83
ChiriShabby,Barley,4/23/2014,12.47
Palecto,Slingshot,2/23/2014,5.30
Inaching,Flower Bouquet,3/5/2014,4.45
Bitfobaas,Hot Dog,4/6/2014,3.94
Buddyella,Bowling Ball,4/24/2014,7.14
PartyGotInspiring,Hot Dog,3/2/2014,8.56
Mazdobatu,Snow Plow,4/20/2014,4.45
Heaticel,Krusty-Os,4/12/2014,12.84
Lyndatage,Flower Bouquet,2/17/2014,11.68
BugsSlayr,Krusty-Os,1/25/2014,10.93
GriffonReporter,Orange Punch,4/6/2014,11.05
Rocketonbi,Snow Plow,3/26/2014,4.93
Namenetsky,Orange Punch,4/16/2014,11.70
FixEver,Orange Punch,1/14/2014,3.43
GossipNight,Saxophone Reed,2/20/2014,3.94
Pathours,Slingshot,2/28/2014,9.21
Ensererry,Bowling Ball,1/13/2014,9.48
AlphaRpg,Flower Bouquet,4/12/2014,9.39
Fallstaciom,Slingshot,2/21/2014,6.00
Melchuran,Saxophone Reed,1/24/2014,7.72
Grinfous,Slingshot,3/24/2014,12.27
SnoWord,Barley,4/4/2014,6.84
BurntFear,Barley,4/3/2014,3.92
Divisional,Orange Punch,3/14/2014,8.09
Ificoact,Squishee,1/2/2014,9.89
Mazdobatu,Buzz Cola,1/8/2014,10.80
Eapperpl,Krusty-Os,4/11/2014,12.93
Plasipli,Krusty-Os,3/14/2014,5.50
Reportsur,Buzz Cola,1/23/2014,6.29
Equancoat,Hot Dog,3/23/2014,5.72
Eapperpl,Bowling Ball,1/23/2014,5.92
Slayerptig,Flower Bouquet,3/1/2014,11.69
Blesselud,Barley,4/5/2014,9.48
ArsenalTalk,Bowling Ball,4/8/2014,6.08
Actuallywo,Snow Plow,3/29/2014,8.41
ArsenalKino,Orange Punch,1/17/2014,11.65
GinoWillows,Devil Donut,2/5/2014,5.63
Countryboat,Slingshot,2/9/2014,8.55
Nationtr,Devil Donut,2/15/2014,8.33
PartyBright,Orange Punch,3/24/2014,11.02
Prophecyst,Slingshot,2/24/2014,10.32
NayborRun,Snow Plow,3/9/2014,9.12
HelpSweet,Bowling Ball,4/14/2014,9.57
Seepanethor,Almond Milk,3/6/2014,5.44
Adsmanda,Slingshot,2/28/2014,3.70
BradleyNarrative,Slingshot,4/21/2014,3.58
Fernotele,Hot Dog,3/12/2014,9.79
Anospeak,Slingshot,1/19/2014,11.82
HelloGrand,Pacifier,1/14/2014,6.36
Headlines,Slingshot,4/19/2014,11.72
Reenaca,Almond Milk,4/6/2014,8.37
Positiverc,Left-handed Scissors,4/14/2014,10.97
ChiriShabby,Almond Milk,3/26/2014,10.40
FreexCasual,Saxophone Reed,2/12/2014,12.66
Daysseedia,Left-handed Scissors,1/20/2014,8.09
OneHelp,Bowling Ball,3/30/2014,3.73
Mcomeduset,Slingshot,2/20/2014,3.64
Grundyneti,Snow Plow,4/29/2014,7.80
Lacegere,Barley,1/8/2014,8.08
ListHaro,Squishee,3/21/2014,12.66
BoaFairy,Orange Punch,2/2/2014,5.75
Bloggerer,Almond Milk,4/29/2014,7.23
Donaldenes,Bowling Ball,1/29/2014,12.70
Mediantam,Squishee,1/10/2014,12.96
Namedianon,Slingshot,4/11/2014,8.51
Parkettsto,Devil Donut,1/10/2014,4.51
Jobbcoqu,Slingshot,4/28/2014,10.67
Bradelextr,Flower Bouquet,3/14/2014,6.26
IanInspiring,Hot Dog,1/30/2014,6.09
JungPeakTrimble,Devil Donut,4/6/2014,8.87
Chiaritail,Orange Punch,4/14/2014,10.51
BlogVod,Almond Milk,4/25/2014,12.56
Acidyles,Left-handed Scissors,4/25/2014,7.97
Ollynden,Squishee,3/4/2014,11.92
AboutWise,Left-handed Scissors,3/1/2014,3.24
AlphaRpg,Slingshot,2/10/2014,8.89
GossipNight,Buzz Cola,4/1/2014,9.45
Muddlembler,Flower Bouquet,3/10/2014,11.64
Famoustebl,Hot Dog,3/8/2014,5.49
LogFly,Buzz Cola,1/22/2014,6.93
Mowerpatste,Snow Plow,3/17/2014,6.47
Pyranka,Bowling Ball,4/6/2014,6.77
NozyGiga,Krusty-Os,4/16/2014,7.52
Global Media,Barley,2/19/2014,9.25
Dailiesol,Almond Milk,2/20/2014,6.35
Bradelextr,Almond Milk,4/16/2014,8.32
Enlisher,Slingshot,4/23/2014,3.66
Loverabbit,Hot Dog,4/13/2014,4.61
Advenopy,Barley,4/22/2014,5.82
Cardroug,Bowling Ball,1/21/2014,4.13
GrabsWillows,Hot Dog,2/20/2014,4.90
Burdtaxw,Devil Donut,4/21/2014,12.97
Flakergo,Buzz Cola,4/9/2014,8.34
DoubleTen,Pacifier,3/24/2014,3.20
2coolGarnett,Orange Punch,4/20/2014,12.42
Headlines,Barley,4/28/2014,7.25
Precappl,Left-handed Scissors,1/19/2014,9.43
Nordimi,Hot Dog,4/15/2014,6.15
MagazineMercy,Krusty-Os,4/25/2014,5.81
DudeCakeGrabs,Snow Plow,2/1/2014,11.03
HulkDiagonal,Krusty-Os,1/28/2014,5.86
PartyRoachMessage,Barley,3/17/2014,12.21
Alessata,Slingshot,1/30/2014,3.69
Genusting,Pacifier,2/9/2014,10.13
Gambitches,Devil Donut,3/8/2014,9.73
BiggExotic,Flower Bouquet,2/6/2014,10.33
KaptainHerald,Devil Donut,2/6/2014,5.60
GuyPhia,Snow Plow,2/21/2014,6.24
GriffonReporter,Buzz Cola,3/16/2014,11.56
MurphyFan,Almond Milk,3/4/2014,11.70
Burdtaxw,Pacifier,1/24/2014,12.63
PurpleShoes,Bowling Ball,3/2/2014,8.05
Faxionan,Slingshot,2/23/2014,6.99
CutieSpecials,Bowling Ball,3/9/2014,11.63
Flakergo,Bowling Ball,1/6/2014,3.02
NotePuff,Hot Dog,2/5/2014,4.33
EyesWaveWaka,Slingshot,4/13/2014,9.38
Bizarrestan,Saxophone Reed,4/6/2014,6.81
Hubersi,Squishee,3/23/2014,10.85
Eurinewh,Flower Bouquet,1/16/2014,8.68
BoaFairy,Saxophone Reed,1/18/2014,8.33
Portmare,Squishee,2/20/2014,9.02
Enerpeop,Devil Donut,1/19/2014,8.66
Quotelyco,Almond Milk,2/4/2014,10.61
HenryGhoul,Almond Milk,4/18/2014,4.37
Ineschic,Slingshot,4/19/2014,9.30
MatterSimply,Squishee,3/24/2014,12.46
Collerer,Orange Punch,2/9/2014,10.45
Ladynallik,Almond Milk,3/17/2014,12.05
DudeCakeGrabs,Snow Plow,2/27/2014,10.14
GoldCrayon,Krusty-Os,4/12/2014,8.47
Candwire,Devil Donut,2/1/2014,10.11
Lutechax,Hot Dog,1/9/2014,7.23
Pistarynx,Left-handed Scissors,2/2/2014,4.62
Bizarrevces,Bowling Ball,1/15/2014,10.26
Cochinger,Krusty-Os,1/23/2014,9.37
Boxwoodet,Pacifier,1/30/2014,8.77
Pathbaud,Flower Bouquet,1/18/2014,3.09
GossipNight,Buzz Cola,1/8/2014,4.09
Cellisti,Left-handed Scissors,4/27/2014,9.44
PartyGotInspiring,Orange Punch,4/1/2014,4.82
Daysseedia,Almond Milk,3/1/2014,12.73
Intellba,Devil Donut,4/26/2014,8.14
Hopercomni,Flower Bouquet,3/25/2014,4.83
Mediaux,Krusty-Os,4/10/2014,4.39
KaptainHerald,Snow Plow,1/5/2014,9.18
RightBeZeether,Almond Milk,3/31/2014,4.33
Inaching,Barley,4/8/2014,6.54
KaptainHerald,Saxophone Reed,4/13/2014,6.63
ManiakSaber,Squishee,3/28/2014,9.40
Perfeho,Krusty-Os,4/29/2014,10.36
Posamne,Pacifier,3/7/2014,5.07
Colictor,Devil Donut,2/6/2014,8.18
Famoustebl,Flower Bouquet,4/8/2014,3.64
Quotelyco,Barley,2/22/2014,6.54
CatHorray,Barley,1/28/2014,11.29
Nordimi,Saxophone Reed,4/14/2014,9.07
Chilledet,Buzz Cola,2/23/2014,4.56
Remedios,Bowling Ball,1/28/2014,5.22
HulkBlonde,Pacifier,3/11/2014,12.42
MonBoost,Squishee,3/4/2014,12.11
AboveRosa,Slingshot,1/13/2014,10.25
DoggIntincr,Krusty-Os,2/14/2014,7.41
Global Media,Barley,2/3/2014,11.70
NayborRun,Buzz Cola,3/5/2014,7.56
Namedianon,Almond Milk,2/17/2014,9.09
MagazineMercy,Squishee,1/6/2014,12.22
Cochinger,Orange Punch,3/12/2014,11.81
Dickader,Devil Donut,2/5/2014,12.29
Feathmind,Saxophone Reed,2/11/2014,12.51
AboveRosa,Squishee,3/23/2014,12.81
Maxieldse,Almond Milk,4/27/2014,8.92
Eitelpali,Snow Plow,1/6/2014,6.31
RonzUber,Left-handed Scissors,3/28/2014,6.40
Bozicalyste,Saxophone Reed,3/5/2014,12.23
Mundelise,Hot Dog,3/5/2014,9.57
HeheBraceFizz,Pacifier,1/13/2014,7.86
RatWitchHott,Slingshot,1/4/2014,9.57
Gamedirsil,Saxophone Reed,1/30/2014,7.55
Razualyser,Flower Bouquet,3/6/2014,6.00
Mediaux,Pacifier,4/30/2014,10.41
NewscastKenka,Squishee,3/17/2014,7.46
Conspiracy,Buzz Cola,3/23/2014,11.18
Capenikk,Bowling Ball,3/8/2014,5.59
HeavenNarrative,Almond Milk,1/4/2014,11.09
Saiyanetho,Left-handed Scissors,1/11/2014,5.00
ShadesMoto,Buzz Cola,2/10/2014,3.29
LatestPeach,Saxophone Reed,1/10/2014,6.34
CleverSimple,Devil Donut,1/13/2014,3.94
Hotsper,Devil Donut,1/23/2014,11.41
Caperlexe,Left-handed Scissors,4/23/2014,12.34
Countryboat,Bowling Ball,2/10/2014,9.08
HeraldEye,Krusty-Os,4/28/2014,8.94
Bizarrevces,Almond Milk,4/28/2014,11.06
BoaFairy,Almond Milk,2/26/2014,5.95
Laquield,Flower Bouquet,4/20/2014,11.58
ForlifeDream,Saxophone Reed,4/30/2014,7.68
Pistarynx,Krusty-Os,3/16/2014,7.61
Shualich,Krusty-Os,2/26/2014,5.49
Boardam,Left-handed Scissors,1/21/2014,10.99
NayborRun,Flower Bouquet,3/3/2014,6.35
Nioneenf,Barley,4/23/2014,3.49
Nanosill,Flower Bouquet,1/7/2014,12.96
FantasyXoxox,Bowling Ball,2/20/2014,3.81
ForlifeDream,Orange Punch,4/12/2014,11.40
Bizarrestan,Snow Plow,3/10/2014,6.95
Greygramid,Bowling Ball,2/15/2014,12.65
Bingovence,Buzz Cola,1/27/2014,6.09
Mundelise,Devil Donut,3/15/2014,5.68
Pinchrine,Almond Milk,2/23/2014,8.23
PrestigeGlossy,Devil Donut,3/9/2014,10.84
Slayerptig,Almond Milk,1/4/2014,10.43
Cordlets,Squishee,4/12/2014,9.13
AshKlugFluent,Devil Donut,1/17/2014,4.37
Dolockar,Buzz Cola,4/7/2014,4.61
Oneareratec,Barley,1/7/2014,5.94
Goldencero,Krusty-Os,4/28/2014,9.23
Quotelyco,Krusty-Os,4/29/2014,4.18
Rincent,Hot Dog,4/19/2014,7.34
Besteres,Hot Dog,4/3/2014,9.02
Mcomeduset,Devil Donut,3/19/2014,6.61
ManiakSaber,Almond Milk,3/14/2014,11.70
BleakKid,Pacifier,3/24/2014,10.05
Saleurip,Buzz Cola,3/9/2014,7.50
Parkettsto,Snow Plow,2/16/2014,6.89
RonzUber,Devil Donut,4/5/2014,8.37
Funkimagia,Orange Punch,4/14/2014,6.52
Infernoke,Left-handed Scissors,2/19/2014,9.41
Feistybera,Orange Punch,3/9/2014,3.64
Hansgen,Flower Bouquet,2/15/2014,6.20
PlaySnoop,Pacifier,4/4/2014,10.50
Actuallywo,Hot Dog,4/14/2014,6.03
Remedios,Almond Milk,4/19/2014,4.05
EdgyStunna,Bowling Ball,4/2/2014,6.88
Gamedirsil,Devil Donut,1/26/2014,8.23
Mubarnet,Squishee,1/25/2014,10.63
Intincrol,Snow Plow,2/17/2014,3.94
BurntFear,Pacifier,3/21/2014,5.10
Legendehic,Pacifier,1/24/2014,11.48
DoubleTen,Krusty-Os,3/26/2014,5.92
MamaNice,Slingshot,4/18/2014,9.88
NeoSing,Slingshot,4/6/2014,12.52
NozyGiga,Snow Plow,3/17/2014,11.31
Leradobs,Squishee,3/14/2014,5.60
LaxrWord,Krusty-Os,2/20/2014,9.64
Ollynden,Devil Donut,1/8/2014,9.18
Goldenbrae,Saxophone Reed,3/5/2014,7.70
EyesWaveWaka,Orange Punch,1/26/2014,7.09
Pyranka,Left-handed Scissors,1/8/2014,10.21
Bradeluxie,Devil Donut,1/24/2014,8.85
Bloggerer,Left-handed Scissors,4/8/2014,5.00
ChonePitcher,Hot Dog,2/9/2014,4.64
AttractiveSizzlin,Snow Plow,3/4/2014,10.31
Enlisher,Saxophone Reed,3/25/2014,4.26
Choicance,Hot Dog,1/5/2014,6.31
Hytermat,Krusty-Os,3/29/2014,10.00
BurntFear,Bowling Ball,4/30/2014,10.95
Bedsoft,Left-handed Scissors,1/16/2014,10.92
AnnouncerNephew,Hot Dog,2/16/2014,3.84
Angelstage,Krusty-Os,1/2/2014,10.82
Bizarrestan,Buzz Cola,4/29/2014,3.77
Logiclynn,Pacifier,1/23/2014,8.90
AutLess,Hot Dog,2/26/2014,4.25
GreyPlanet,Devil Donut,4/8/2014,10.54
Scarypticew,Orange Punch,4/7/2014,6.52
Daysseedia,Saxophone Reed,3/23/2014,10.31
Prelaym,Flower Bouquet,4/5/2014,11.49
Positiverc,Hot Dog,2/12/2014,7.11
Bryankpi,Bowling Ball,1/6/2014,6.16
Lettervest,Hot Dog,3/26/2014,3.69
Intincrol,Bowling Ball,1/31/2014,5.61
PeatearHiro,Snow Plow,3/29/2014,4.14
RatWitchHott,Saxophone Reed,3/9/2014,11.72
Grundyneti,Almond Milk,2/24/2014,8.41
Cochinger,Buzz Cola,4/15/2014,4.69
HanShort,Hot Dog,4/13/2014,6.72
BuffyArsenal,Orange Punch,4/28/2014,10.03
LordTinsTa,Almond Milk,3/25/2014,12.25
Mettertbe,Barley,4/19/2014,6.48
Octalogi,Pacifier,4/8/2014,3.35
NumeroTroik,Barley,1/10/2014,8.46
Enturis,Krusty-Os,3/30/2014,3.68
Communique,Squishee,1/30/2014,4.45
Conspiracy,Orange Punch,3/30/2014,11.80
Guantownta,Orange Punch,2/16/2014,8.74
MundeLogicLittle,Pacifier,4/19/2014,11.60
PlaySnoop,Left-handed Scissors,4/4/2014,4.59
Mmershpo,Krusty-Os,1/8/2014,10.26
Saiyanetho,Slingshot,3/25/2014,4.07
Selverac,Pacifier,3/8/2014,4.08
Hansgen,Flower Bouquet,3/6/2014,12.14
Chicatrisv,Saxophone Reed,2/9/2014,11.74
Noticeteat,Almond Milk,2/23/2014,6.25
Intincrol,Squishee,2/7/2014,11.82
Boardam,Flower Bouquet,1/26/2014,6.16
Pooleachou,Snow Plow,2/25/2014,5.72
Mintaliers,Almond Milk,1/6/2014,5.10
BabyPro,Krusty-Os,4/11/2014,9.53
ForlifeLittle,Left-handed Scissors,1/10/2014,7.68
Actuallywo,Krusty-Os,2/22/2014,10.94
Razualyser,Snow Plow,3/19/2014,8.42
LuvBleak,Snow Plow,4/6/2014,11.42
Okcupercl,Squishee,1/5/2014,6.41
MamaNice,Bowling Ball,2/7/2014,5.33
CutieSpecials,Pacifier,3/23/2014,11.72
Dustpla,Barley,3/14/2014,7.04
Mintaliers,Squishee,2/4/2014,6.74
Fallstaciom,Buzz Cola,3/28/2014,10.87
Deepnesca,Krusty-Os,2/21/2014,10.64
Rockeefl,Hot Dog,3/25/2014,8.80
Medyneph,Devil Donut,2/19/2014,11.49
HanShort,Snow Plow,1/12/2014,11.50
Laquield,Orange Punch,4/5/2014,3.32
FighterDiary,Flower Bouquet,1/7/2014,12.32
BingCheerup,Almond Milk,3/27/2014,4.01
HeavenNarrative,Slingshot,3/25/2014,6.46
HellUpdate,Almond Milk,3/9/2014,7.54
AboveRosa,Bowling Ball,3/24/2014,5.80
Intincrol,Almond Milk,3/20/2014,6.00
Advenopy,Buzz Cola,3/30/2014,11.25
Ollynden,Squishee,3/18/2014,4.84
Crandivx,Squishee,3/31/2014,5.64
Colictor,Slingshot,3/18/2014,12.42
PurpleShoes,Slingshot,1/29/2014,7.47
Holyncepha,Devil Donut,4/4/2014,7.72
CutieSpecials,Saxophone Reed,3/16/2014,12.09
Prophecyst,Hot Dog,1/24/2014,5.17
Ificoact,Barley,2/10/2014,4.18
Pooleachou,Bowling Ball,3/3/2014,4.99
Nicenterge,Slingshot,4/16/2014,10.12
Bevectican,Almond Milk,2/8/2014,4.80
GreyPlanet,Left-handed Scissors,1/22/2014,7.79
Palecto,Saxophone Reed,1/19/2014,9.95
Dolockar,Flower Bouquet,1/8/2014,6.89
Maxieldse,Left-handed Scissors,1/15/2014,10.96
Gerrics,Almond Milk,3/31/2014,11.71
GriffonReporter,Buzz Cola,2/16/2014,11.21
AutLess,Buzz Cola,1/3/2014,6.40
Mediaux,Flower Bouquet,4/29/2014,10.68
Prestigeye,Flower Bouquet,2/26/2014,7.51
SnoopyTimes,Left-handed Scissors,1/6/2014,4.32
Meadomark,Almond Milk,4/12/2014,6.42
Bradeluxie,Buzz Cola,4/19/2014,12.59
Buddyella,Barley,3/27/2014,12.92
Chilledet,Saxophone Reed,2/21/2014,11.14
CuriousStorm,Saxophone Reed,1/23/2014,7.93
Garnetter,Snow Plow,4/17/2014,8.95
Karield,Squishee,4/4/2014,4.04
IsYour,Bowling Ball,3/2/2014,12.52
Angelstage,Hot Dog,4/8/2014,8.00
AutLess,Almond Milk,2/2/2014,12.40
PiercePeach,Snow Plow,2/3/2014,4.30
BleakKid,Barley,2/27/2014,3.42
ArsenalTalk,Barley,4/6/2014,11.41
Japanos,Krusty-Os,2/1/2014,12.75
Intincrol,Hot Dog,4/14/2014,6.93
PrimeEye,Orange Punch,4/7/2014,8.57
Keeferr,Bowling Ball,3/28/2014,5.06
CheeseSunset,Snow Plow,2/2/2014,11.70
Muddlembler,Barley,4/26/2014,8.73
Hartlinkel,Orange Punch,3/27/2014,8.27
Jobbcoqu,Orange Punch,4/6/2014,4.28
Muddlembler,Barley,1/30/2014,6.38
HulkBlonde,Flower Bouquet,3/8/2014,11.80
Euphartn,Barley,3/7/2014,10.97
Candwire,Orange Punch,4/30/2014,6.75
Holyncepha,Flower Bouquet,3/3/2014,12.85
BristleSell,Bowling Ball,1/14/2014,8.69
Doblanepm,Snow Plow,2/26/2014,11.92
Ineschic,Snow Plow,3/22/2014,11.77
Equancoat,Saxophone Reed,3/1/2014,12.28
Bridgec,Barley,3/1/2014,6.71
BugsSlayr,Krusty-Os,1/4/2014,3.73
RightBeZeether,Devil Donut,3/17/2014,7.99
Ronquak,Pacifier,4/15/2014,3.52
Bullowerre,Orange Punch,3/26/2014,4.05
BleakKid,Krusty-Os,3/25/2014,5.70
FootballNot,Krusty-Os,1/20/2014,12.37
Fangossen,Left-handed Scissors,1/14/2014,3.42
Sheerlism,Barley,2/28/2014,9.77
Blesselud,Snow Plow,3/11/2014,5.61
Buckete,Snow Plow,1/10/2014,8.94
Feistybera,Pacifier,3/10/2014,4.29
Comiclengua,Bowling Ball,2/21/2014,10.42
Cuficel,Slingshot,1/15/2014,11.00
Remedios,Hot Dog,1/12/2014,11.39
AboutWise,Snow Plow,2/8/2014,11.71
Quotelyco,Devil Donut,3/15/2014,6.87
BlogVod,Flower Bouquet,1/15/2014,10.71
PrestigeGlossy,Orange Punch,2/5/2014,8.81
ShowHead,Hot Dog,1/11/2014,11.85
Saleurip,Flower Bouquet,3/17/2014,9.16
Dolockar,Almond Milk,4/12/2014,9.36
DayWishFear,Bowling Ball,3/16/2014,12.84
Forsyncer,Devil Donut,4/9/2014,12.26
GriffonReporter,Hot Dog,4/2/2014,8.56
Medyneph,Squishee,4/5/2014,4.87
EdgyStunna,Flower Bouquet,3/13/2014,8.97
Chilledet,Saxophone Reed,4/28/2014,6.84
Bevectican,Snow Plow,1/27/2014,7.47
Promsdeo,Saxophone Reed,1/26/2014,4.33
DigestTight,Devil Donut,4/7/2014,10.85
Guantorona,Left-handed Scissors,1/17/2014,5.06
ChonePitcher,Krusty-Os,1/1/2014,6.67
Chilledet,Left-handed Scissors,1/21/2014,5.87
Blikitbec,Hot Dog,4/14/2014,5.04
Laquield,Orange Punch,2/10/2014,11.20
Recipecide,Orange Punch,4/6/2014,9.89
PowerSomber,Snow Plow,4/13/2014,11.77
Apenguinda,Krusty-Os,1/15/2014,7.56
GurlyJinPersonal,Bowling Ball,1/16/2014,3.36
Grouptu,Bowling Ball,1/19/2014,3.26
Fernotele,Hot Dog,2/16/2014,10.62
Blesselud,Devil Donut,2/2/2014,8.68
GrabsWillows,Devil Donut,1/13/2014,10.46
Insideret,Krusty-Os,1/25/2014,11.32
Hectakent,Pacifier,1/4/2014,3.29
ChatSingFarer,Slingshot,2/23/2014,8.90
AboveRosa,Almond Milk,3/19/2014,12.90
HeraldEye,Pacifier,1/23/2014,6.20
KiddoAnhart,Left-handed Scissors,1/24/2014,12.82
Bishinve,Saxophone Reed,2/10/2014,10.46
AboutWise,Left-handed Scissors,2/1/2014,10.36
ChellTown,Barley,1/9/2014,8.70
GoldCrayon,Bowling Ball,1/18/2014,4.89
HenryGhoul,Krusty-Os,4/30/2014,11.01
Saleurip,Almond Milk,2/23/2014,6.65
FantasyXoxox,Orange Punch,1/19/2014,3.18
PattyFreezing,Squishee,3/23/2014,8.25
Shaticubed,Krusty-Os,2/4/2014,9.80
PrimeEye,Left-handed Scissors,1/31/2014,3.97
ListHaro,Left-handed Scissors,4/27/2014,10.13
HelloGrand,Buzz Cola,1/11/2014,7.59
Inesmari,Snow Plow,2/18/2014,8.34
Enturis,Left-handed Scissors,3/16/2014,10.25
Latinament,Saxophone Reed,3/3/2014,8.62
Isergoba,Bowling Ball,4/26/2014,11.96
RomanceNephew,Bowling Ball,3/13/2014,10.56
ArsenalTalk,Bowling Ball,1/4/2014,4.40
Ollynden,Barley,1/18/2014,7.73
HulkDiagonal,Barley,3/27/2014,6.91
Rock4me,Flower Bouquet,4/15/2014,7.39
Rincent,Pacifier,4/28/2014,11.29
NekoAngelic,Devil Donut,4/21/2014,5.38
Farercashop,Pacifier,3/6/2014,12.10
PartyGotInspiring,Slingshot,1/15/2014,7.19
Animorror,Barley,1/20/2014,7.29
Doblanepm,Devil Donut,2/6/2014,9.84
ForlifeLittle,Barley,4/16/2014,4.96
Pooleachou,Pacifier,1/1/2014,9.13
Enturis,Saxophone Reed,1/7/2014,6.74
HomeySchool,Almond Milk,1/16/2014,12.88
PrimeEye,Slingshot,2/23/2014,8.04
Palecto,Hot Dog,4/21/2014,8.53
BuffyArsenal,Hot Dog,1/15/2014,8.18
Mdogglectus,Hot Dog,1/27/2014,11.03
Lacegere,Snow Plow,1/22/2014,8.50
JournalKnot,Snow Plow,2/24/2014,7.46
PartyBright,Almond Milk,2/28/2014,4.97
Insideally,Bowling Ball,4/21/2014,3.96
Nioneenf,Orange Punch,4/14/2014,4.30
Mithelle,Pacifier,2/21/2014,9.53
Ensererry,Hot Dog,3/13/2014,3.10
Shualich,Krusty-Os,1/6/2014,3.04
EyesWaveWaka,Slingshot,2/12/2014,4.56
Bradeluxie,Krusty-Os,3/7/2014,8.06
Cardroug,Snow Plow,3/10/2014,12.79
Heaticel,Flower Bouquet,1/17/2014,4.42
Nozyforbox,Devil Donut,2/17/2014,9.40
Caperlexe,Saxophone Reed,2/7/2014,6.90
PartyGotInspiring,Barley,1/1/2014,3.64
Karield,Krusty-Os,3/21/2014,9.13
PopularTwinkle,Almond Milk,1/23/2014,10.47
Mudsalib,Devil Donut,3/15/2014,9.39
Gamedirsil,Left-handed Scissors,3/24/2014,8.78
Lacegere,Almond Milk,1/12/2014,9.71
Intincrol,Bowling Ball,4/4/2014,4.28
LiveStargal,Pacifier,2/19/2014,3.13
OneHelp,Slingshot,2/19/2014,4.71
Inaching,Orange Punch,4/3/2014,4.52
HeavenNarrative,Pacifier,1/10/2014,8.47
Cimballe,Krusty-Os,2/9/2014,4.39
JimForlife,Almond Milk,1/11/2014,10.74
SnoopyTimes,Flower Bouquet,4/4/2014,10.72
Palecto,Buzz Cola,2/8/2014,8.18
Blognasona,Bowling Ball,2/7/2014,6.66
Mazdobatu,Left-handed Scissors,3/1/2014,7.87
Loverabbit,Squishee,3/10/2014,6.85
HanShort,Bowling Ball,1/8/2014,8.72
Solidlynnet,Devil Donut,2/19/2014,10.74
Pistarynx,Almond Milk,2/14/2014,5.10
Farercashop,Devil Donut,4/24/2014,5.78
FunkyFreexRing,Pacifier,2/15/2014,10.70
NoticeSports,Squishee,1/21/2014,4.43
HanShort,Slingshot,2/5/2014,6.89
BlueDev,Flower Bouquet,3/1/2014,6.71
Posamne,Almond Milk,1/10/2014,3.51
AutLess,Flower Bouquet,3/16/2014,12.77
Equancoat,Snow Plow,4/24/2014,5.70
Horrayerex,Buzz Cola,2/5/2014,12.80
NozyGiga,Devil Donut,3/14/2014,5.93
BabyPro,Saxophone Reed,4/20/2014,8.40
BoaFairy,Bowling Ball,2/6/2014,11.08
Guantorona,Krusty-Os,2/12/2014,11.66
Devonalchem,Hot Dog,3/31/2014,3.29
NotePuff,Bowling Ball,4/4/2014,10.25
Advenopy,Devil Donut,2/15/2014,4.33
MamaNice,Snow Plow,4/21/2014,5.33
Heaticel,Squishee,4/24/2014,12.86
RatHunterCrescent,Orange Punch,4/21/2014,6.87
Facerust,Barley,2/15/2014,10.67
BrainyZollo,Slingshot,3/29/2014,9.83
BrainyZollo,Pacifier,3/14/2014,4.32
Notusetti,Snow Plow,3/24/2014,3.08
Enlisher,Buzz Cola,1/16/2014,3.41
BauerPure,Pacifier,3/22/2014,9.71
Networker,Snow Plow,3/15/2014,6.75
ArsenalTalk,Hot Dog,1/27/2014,9.85
Inaching,Left-handed Scissors,1/27/2014,11.11
ApenguinInca,Snow Plow,3/12/2014,11.30
LuvBleak,Barley,3/23/2014,3.34
Deepnesca,Buzz Cola,1/31/2014,9.05
Okcupercl,Barley,3/3/2014,10.64
ListHaro,Pacifier,1/27/2014,12.87
Flakergo,Snow Plow,3/19/2014,10.51
ManiakSaber,Buzz Cola,3/7/2014,6.89
Adsmanda,Flower Bouquet,1/28/2014,4.99
Gerystat,Barley,2/17/2014,9.79
BuffyArsenal,Barley,1/28/2014,6.95
Buddyella,Bowling Ball,4/11/2014,5.12
NoticeSports,Hot Dog,2/27/2014,6.48
Greentgro,Buzz Cola,4/18/2014,5.79
Expeline,Krusty-Os,4/8/2014,8.77
HelloGrand,Squishee,2/12/2014,10.63
Richisulse,Barley,3/21/2014,7.71
Eurinewh,Pacifier,2/17/2014,9.77
Hanglober,Bowling Ball,3/21/2014,8.19
PattyFreezing,Slingshot,4/20/2014,9.33
Bishinve,Snow Plow,4/16/2014,11.17
DeckTruck,Barley,1/4/2014,6.28
Fernotele,Saxophone Reed,4/23/2014,7.75
Nepheworma,Flower Bouquet,1/9/2014,5.31
Bizarrestan,Squishee,4/27/2014,7.45
Earthamackb,Saxophone Reed,4/16/2014,8.72
Pathours,Orange Punch,1/30/2014,4.96
Footballee,Devil Donut,4/27/2014,9.17
Equancoat,Orange Punch,4/22/2014,9.87
Fangossen,Devil Donut,1/20/2014,12.87
InloveDiary,Saxophone Reed,1/17/2014,11.83
HeheBraceFizz,Almond Milk,1/19/2014,6.34
AnnouncerNephew,Hot Dog,2/7/2014,9.72
Docunche,Left-handed Scissors,1/31/2014,3.74
Portmare,Orange Punch,4/12/2014,12.55
GurlyJinPersonal,Snow Plow,1/8/2014,5.10
BugsSlayr,Left-handed Scissors,3/6/2014,7.32
PeatearHiro,Bowling Ball,2/14/2014,11.04
Gambitches,Bowling Ball,4/18/2014,9.97
Pooleachou,Pacifier,2/14/2014,5.71
BizarrePinch,Left-handed Scissors,3/6/2014,10.97
Emachere,Squishee,3/16/2014,4.54
Diaryptor,Krusty-Os,3/22/2014,9.41
Ificoact,Buzz Cola,4/22/2014,8.55
Pathours,Squishee,2/22/2014,9.89
Funnynanome,Orange Punch,4/24/2014,7.88
Insideret,Orange Punch,2/4/2014,12.80
Angelstage,Orange Punch,4/26/2014,9.90
AboveRosa,Hot Dog,2/21/2014,4.59
Firstrous,Devil Donut,1/29/2014,3.92
Alcheri,Almond Milk,2/9/2014,3.94
Ronquak,Snow Plow,4/26/2014,10.57
MatrixAmerica,Buzz Cola,1/1/2014,6.42
Adminte,Bowling Ball,3/4/2014,8.47
Kenkatani,Devil Donut,1/12/2014,11.64
Farercashop,Pacifier,4/8/2014,7.71
Farercashop,Hot Dog,1/9/2014,3.10
Nozyforbox,Buzz Cola,1/29/2014,11.96
Nediumpm,Squishee,2/17/2014,7.25
RomanceNephew,Hot Dog,2/24/2014,6.44
Deepnesca,Left-handed Scissors,4/2/2014,7.26
Bingovence,Orange Punch,4/25/2014,9.34
Firectored,Pacifier,2/12/2014,10.89
Goldenbrae,Hot Dog,4/12/2014,11.84
Comiclengua,Buzz Cola,4/14/2014,12.90
BWitheard,Flower Bouquet,2/6/2014,3.85
Perustima,Squishee,4/25/2014,7.76
Footballee,Saxophone Reed,1/24/2014,7.82
Remedios,Buzz Cola,3/16/2014,9.54
Hartlinkel,Devil Donut,3/16/2014,10.62
Momjudebi,Saxophone Reed,1/20/2014,3.66
Firectored,Barley,3/19/2014,7.58
Papertica,Barley,1/17/2014,9.80
Interca,Almond Milk,3/29/2014,4.32
Saiyanetho,Snow Plow,2/14/2014,6.83
Kampenta,Krusty-Os,2/20/2014,11.22
Acme,Orange Punch,1/19/2014,4.91
Donaldenes,Snow Plow,3/13/2014,11.87
NumeroTroik,Buzz Cola,1/1/2014,5.34
Propence,Hot Dog,2/17/2014,11.38
Authorksto,Flower Bouquet,3/24/2014,8.54
Precappl,Almond Milk,2/14/2014,4.78
FighterDiary,Flower Bouquet,2/4/2014,11.39
Careampa,Slingshot,1/26/2014,10.81
Noticeteat,Barley,3/10/2014,12.12
Gerystat,Krusty-Os,2/9/2014,12.13
Kalamicvi,Left-handed Scissors,3/9/2014,11.55
Alessata,Krusty-Os,4/29/2014,5.01
Bothybarosa,Hot Dog,3/15/2014,12.50
Staressa,Almond Milk,2/24/2014,12.44
Bishinve,Barley,3/25/2014,7.12
Guantownta,Krusty-Os,3/2/2014,7.03
Buddyella,Left-handed Scissors,4/4/2014,3.11
HenryGhoul,Krusty-Os,2/28/2014,9.89
Outsourif,Bowling Ball,1/26/2014,11.65
FantasticMessages,Saxophone Reed,4/17/2014,10.77
AlphaRpg,Almond Milk,3/17/2014,6.51
Eapperpl,Almond Milk,1/5/2014,7.14
Fernotele,Devil Donut,2/16/2014,10.89
Meadomark,Flower Bouquet,4/9/2014,4.07
NeoSing,Bowling Ball,2/25/2014,10.48
Chontron,Buzz Cola,1/28/2014,4.73
Mediantam,Slingshot,3/14/2014,5.42
Nepheworma,Devil Donut,3/10/2014,3.96
HulkDiagonal,Hot Dog,1/16/2014,4.57
AlphaRpg,Buzz Cola,4/12/2014,9.35
Hubersi,Left-handed Scissors,4/1/2014,7.97
Conspiracy,Devil Donut,3/30/2014,8.64
DudeCozy,Krusty-Os,3/15/2014,12.58
Pathbaud,Buzz Cola,3/26/2014,9.59
Headlines,Saxophone Reed,2/1/2014,5.69
Boardam,Saxophone Reed,1/6/2014,6.10
Sigands,Left-handed Scissors,3/12/2014,6.88
Mdogglectus,Almond Milk,1/8/2014,6.08
Gambitches,Orange Punch,1/21/2014,11.03
ChellTown,Saxophone Reed,2/28/2014,9.43
NeoSing,Flower Bouquet,3/5/2014,12.76
Nicenterge,Krusty-Os,3/1/2014,6.36
BauerPure,Buzz Cola,1/22/2014,8.06
Advenopy,Flower Bouquet,1/14/2014,11.90
Parkettsto,Buzz Cola,2/21/2014,6.15
PlaySnoop,Orange Punch,1/12/2014,3.75
Inktonu,Buzz Cola,4/10/2014,3.40
Janionon,Barley,2/6/2014,8.90
Bishinve,Buzz Cola,3/30/2014,4.66
Stargalta,Bowling Ball,1/29/2014,7.84
Dolockar,Orange Punch,1/4/2014,5.40
HeraldIsSimple,Buzz Cola,3/4/2014,10.73
Chiaritail,Left-handed Scissors,4/13/2014,11.41
Masonomou,Squishee,3/31/2014,6.31
Hopercomni,Left-handed Scissors,3/2/2014,10.00
Mudsalib,Barley,2/22/2014,8.99
Ennectur,Devil Donut,4/23/2014,8.72
Isergoba,Krusty-Os,3/5/2014,6.15
PrestigeGlossy,Bowling Ball,2/17/2014,5.60
Anospeak,Devil Donut,2/21/2014,3.47
Bothybarosa,Krusty-Os,1/15/2014,11.07
Prophecyst,Barley,1/19/2014,11.59
Dickader,Almond Milk,4/19/2014,5.82
Lentelty,Hot Dog,3/24/2014,4.39
Expeline,Left-handed Scissors,2/6/2014,11.14
Gladples,Orange Punch,2/13/2014,4.24
Grinfous,Saxophone Reed,3/31/2014,4.66
Garnetter,Almond Milk,3/12/2014,6.78
BoaFairy,Hot Dog,3/27/2014,6.80
HeavenNarrative,Pacifier,1/30/2014,4.00
ExpertWitch,Slingshot,1/29/2014,6.90
Papertica,Hot Dog,1/8/2014,12.51
Divisional,Saxophone Reed,4/19/2014,4.76
Recipecide,Devil Donut,1/20/2014,3.04
NearlyAce,Snow Plow,2/2/2014,9.19
Ificoact,Slingshot,3/29/2014,7.21
BeHeadline,Left-handed Scissors,4/13/2014,4.01
ShangVengeance,Slingshot,3/11/2014,11.98
Isergoba,Krusty-Os,3/16/2014,3.36
Hansgen,Saxophone Reed,4/24/2014,9.66
Cardroug,Pacifier,4/14/2014,9.69
Intendscr,Slingshot,3/13/2014,6.74
PlentyBago,Hot Dog,1/15/2014,11.57
LogFly,Flower Bouquet,2/4/2014,3.52
Pedabrsel,Krusty-Os,3/13/2014,11.06
Puppygman,Slingshot,3/13/2014,3.10
AboveRosa,Pacifier,2/3/2014,6.85
Chiaritail,Almond Milk,2/3/2014,3.70
Razualyser,Saxophone Reed,1/31/2014,3.62
Guantownta,Saxophone Reed,3/25/2014,7.60
Bloggerer,Left-handed Scissors,2/1/2014,3.96
Bozicalyste,Buzz Cola,3/20/2014,12.80
Cognizant Technology Solutions,Flower Bouquet,4/3/2014,11.70
Intincrospr,Left-handed Scissors,4/21/2014,10.10
Gerystat,Orange Punch,1/4/2014,12.05
Eurinewh,Devil Donut,2/13/2014,5.62
Hotsper,Pacifier,4/23/2014,5.72
ChiriShabby,Bowling Ball,1/5/2014,9.26
PartyBright,Pacifier,2/3/2014,9.94
Formerva,Pacifier,2/22/2014,3.68
BristleSell,Almond Milk,1/28/2014,4.28
Bloodiell,Pacifier,1/28/2014,3.37
Ronquak,Almond Milk,1/14/2014,10.44
Solidlynnet,Krusty-Os,3/25/2014,6.03
Fallstaciom,Orange Punch,2/6/2014,3.19
EnjoyUnow,Snow Plow,4/8/2014,12.54
BWitheard,Devil Donut,2/12/2014,3.02
RomanceNephew,Pacifier,2/2/2014,9.32
ListHaro,Snow Plow,2/12/2014,9.41
Anhartzimm,Barley,2/1/2014,5.46
Headlines,Devil Donut,1/4/2014,10.66
Clownwean,Squishee,1/10/2014,12.51
Ripplayer,Squishee,4/16/2014,11.01
Pistarynx,Almond Milk,2/4/2014,12.24
Gerystat,Buzz Cola,4/8/2014,12.97
Fangossen,Almond Milk,3/23/2014,6.28
Devonalchem,Bowling Ball,1/19/2014,5.25
Intincrospr,Snow Plow,3/8/2014,6.84
Masonomou,Squishee,2/5/2014,6.46
Doblanepm,Orange Punch,2/21/2014,10.47
ForlifeLittle,Left-handed Scissors,3/6/2014,4.88
Crawlergy,Left-handed Scissors,4/29/2014,12.19
Proudonnati,Devil Donut,3/17/2014,10.87
BoboSweetBroadway,Orange Punch,3/12/2014,5.11
DudeCakeGrabs,Orange Punch,4/18/2014,8.25
Cordlets,Snow Plow,2/21/2014,5.15
PurpleShoes,Krusty-Os,1/2/2014,7.72
Ollynden,Buzz Cola,2/9/2014,4.28
Guantorona,Flower Bouquet,2/7/2014,7.12
Adsmanda,Barley,2/15/2014,11.81
BugsSlayr,Bowling Ball,1/28/2014,11.10
Dickader,Barley,1/10/2014,6.51
Hippopton,Devil Donut,1/27/2014,7.82
Clownwean,Saxophone Reed,2/2/2014,3.25
Optionic,Bowling Ball,1/11/2014,12.19
AboveRosa,Snow Plow,3/11/2014,8.05
AttractiveSizzlin,Snow Plow,1/5/2014,12.66
Actuallywo,Buzz Cola,3/8/2014,7.43
Clownerli,Krusty-Os,3/14/2014,3.48
Hubersi,Snow Plow,2/22/2014,10.56
Forsyncer,Squishee,4/30/2014,8.13
Cyberione,Krusty-Os,1/1/2014,4.27
Kinguebi,Left-handed Scissors,1/17/2014,7.44
Dolockar,Bowling Ball,3/9/2014,5.65
Adsmanda,Devil Donut,2/23/2014,12.32
BristleSell,Bowling Ball,3/6/2014,6.65
CuriousStorm,Saxophone Reed,4/14/2014,7.86
LiveStargal,Bowling Ball,3/17/2014,8.75
FantasyXoxox,Flower Bouquet,4/23/2014,9.51
Papertica,Krusty-Os,4/29/2014,8.27
PurpleShoes,Barley,1/28/2014,10.80
LiveStargal,Flower Bouquet,3/2/2014,5.73
FreexCasual,Snow Plow,1/6/2014,5.92
Givandre,Flower Bouquet,4/15/2014,10.75
LaxrWord,Almond Milk,2/12/2014,3.36
Cellisti,Buzz Cola,1/10/2014,5.99
DeckTruck,Orange Punch,4/23/2014,12.73
Cimballe,Hot Dog,3/9/2014,8.23
DigestTight,Buzz Cola,3/13/2014,12.21
Countryboat,Flower Bouquet,3/20/2014,5.00
MundeLogicLittle,Saxophone Reed,3/28/2014,8.52
CutieSpecials,Devil Donut,2/16/2014,12.81
Parkettsto,Devil Donut,2/10/2014,9.83
BlondieYoga,Hot Dog,4/6/2014,4.04
Citythr,Almond Milk,2/2/2014,8.76
Puppygman,Krusty-Os,2/21/2014,9.30
JunkyZest,Squishee,4/9/2014,9.74
Besteres,Slingshot,2/7/2014,10.44
DoubleTen,Squishee,1/25/2014,5.92
PrestigeGlossy,Saxophone Reed,3/17/2014,3.26
Sheerlism,Krusty-Os,2/24/2014,11.64
Avanscran,Bowling Ball,2/4/2014,5.28
Momjudebi,Krusty-Os,3/2/2014,11.26
Givandre,Buzz Cola,2/21/2014,3.11
2cuterreenp,Flower Bouquet,1/17/2014,6.05
NotBase,Krusty-Os,3/3/2014,11.07
Stargalta,Devil Donut,2/16/2014,6.68
Staressa,Barley,2/26/2014,4.71
CzarCandyPool,Almond Milk,4/26/2014,6.41
Prelaym,Barley,4/20/2014,6.33
Flakergo,Buzz Cola,1/10/2014,12.52
Adminte,Saxophone Reed,3/22/2014,7.44
GoldCrayon,Bowling Ball,1/15/2014,4.48
LogFly,Squishee,3/17/2014,6.58
CaptainBill,Krusty-Os,3/15/2014,4.14
Horrayerex,Barley,3/14/2014,3.96
Emidsient,Saxophone Reed,4/18/2014,7.98
RatHunterCrescent,Krusty-Os,3/12/2014,4.80
Hubersi,Almond Milk,4/2/2014,6.85
Promsdeo,Saxophone Reed,2/28/2014,9.18
Bulletinte,Pacifier,2/3/2014,6.59
Pariserlo,Snow Plow,3/12/2014,4.80
Firstrous,Flower Bouquet,2/17/2014,8.05
PlentyBago,Slingshot,2/2/2014,3.66
Acidyles,Krusty-Os,3/3/2014,9.05
Perfectione,Slingshot,3/25/2014,7.57
Rocketonbi,Almond Milk,3/31/2014,12.37
Guantownta,Pacifier,4/13/2014,11.32
Mettertbe,Orange Punch,3/4/2014,7.94
Nationtr,Saxophone Reed,2/4/2014,5.86
Acidyles,Slingshot,2/20/2014,4.86
Prelaym,Almond Milk,2/1/2014,9.20
Doblanepm,Squishee,4/3/2014,3.01
MonBoost,Barley,1/25/2014,10.90
Loverabbit,Slingshot,3/9/2014,5.28
Pathbaud,Pacifier,2/26/2014,5.62
BizarrePinch,Orange Punch,1/23/2014,3.09
Crandivx,Barley,4/28/2014,3.72
Mubarnet,Snow Plow,4/17/2014,11.92
Nanosill,Snow Plow,2/24/2014,12.04
Farercashop,Almond Milk,4/3/2014,4.54
Apenguinda,Squishee,4/8/2014,8.69
Daranter,Hot Dog,4/29/2014,12.84
Careampa,Almond Milk,1/7/2014,4.63
Pyranka,Orange Punch,2/20/2014,11.16
Finaldelu,Slingshot,1/16/2014,3.82
BauerCheese,Barley,3/14/2014,3.27
Okcupercl,Pacifier,4/29/2014,8.71
ArsenalKino,Krusty-Os,3/17/2014,3.99
Nanosill,Pacifier,2/4/2014,9.98
CutieSpecials,Barley,2/16/2014,6.43
Kampenta,Almond Milk,1/20/2014,11.71
BrainyZollo,Flower Bouquet,4/16/2014,5.57
Recipecide,Pacifier,4/19/2014,11.88
Bridgec,Bowling Ball,4/5/2014,12.84
Mesorock,Snow Plow,1/25/2014,3.84
Clownwean,Hot Dog,3/24/2014,4.35
Boxwoodet,Left-handed Scissors,1/4/2014,9.02
Medyneph,Almond Milk,2/25/2014,10.12
Animorror,Devil Donut,3/31/2014,9.17
Namedstore,Saxophone Reed,3/2/2014,8.25
MonBoost,Snow Plow,2/22/2014,6.72
BauerCheese,Pacifier,3/18/2014,4.43
GuyFarerCake,Squishee,3/2/2014,7.31
Janionon,Barley,4/20/2014,9.15
GossipNight,Slingshot,2/20/2014,8.60
Colictor,Flower Bouquet,2/25/2014,12.43
Fallsbergen,Saxophone Reed,1/2/2014,12.42
PoetTear,Flower Bouquet,2/1/2014,12.46
Richisulse,Krusty-Os,2/12/2014,12.22
Buddyanaphe,Buzz Cola,1/15/2014,12.01
Reenaca,Squishee,4/9/2014,3.25
CatHorray,Almond Milk,4/12/2014,9.38
Eitelpali,Pacifier,4/7/2014,6.71
Meadomark,Flower Bouquet,1/11/2014,10.10
MagazineMercy,Pacifier,2/9/2014,4.13
Gerystat,Saxophone Reed,2/3/2014,10.67
Perustima,Saxophone Reed,2/9/2014,10.88
MyheroCurious,Snow Plow,1/1/2014,8.67
Octalogi,Barley,2/1/2014,9.90
FreexCasual,Bowling Ball,3/30/2014,5.07
NayborRun,Flower Bouquet,2/14/2014,6.76
Adminte,Pacifier,4/29/2014,4.29
BoaFairy,Hot Dog,1/28/2014,5.82
Solidlynnet,Barley,2/6/2014,12.64
Palecto,Hot Dog,3/18/2014,5.81
CheeseSunset,Squishee,4/22/2014,8.59
Pooleachou,Left-handed Scissors,4/5/2014,7.20
Lyndatage,Bowling Ball,4/20/2014,10.23
NozyGiga,Flower Bouquet,2/16/2014,12.07
ListHaro,Slingshot,4/12/2014,10.50
GloryPsychBuddy,Orange Punch,2/5/2014,7.19
Adminte,Barley,3/18/2014,5.42
MundeLogicLittle,Buzz Cola,1/6/2014,9.40
Lentelty,Left-handed Scissors,4/15/2014,12.42
Posamne,Almond Milk,4/13/2014,7.94
BurntFear,Buzz Cola,1/24/2014,4.33
Fallstaciom,Devil Donut,1/7/2014,12.50
ApenguinInca,Bowling Ball,1/29/2014,10.35
Fernotele,Barley,2/12/2014,3.60
BugsSlayr,Pacifier,1/13/2014,6.25
HulkBlonde,Orange Punch,4/22/2014,9.85
NeoSing,Flower Bouquet,3/11/2014,11.56
Donaldenes,Slingshot,1/1/2014,11.80
Karield,Left-handed Scissors,3/8/2014,3.33
Grouptics,Hot Dog,1/29/2014,6.83
Chontron,Almond Milk,4/16/2014,12.20
Enzapper,Devil Donut,3/6/2014,12.42
Acme,Flower Bouquet,1/6/2014,3.75
Cyberione,Squishee,1/14/2014,7.87
Nioneenf,Pacifier,1/28/2014,4.19
Perfectione,Devil Donut,4/30/2014,8.91
DoggIntincr,Barley,2/19/2014,8.87
Jobbcoqu,Bowling Ball,1/24/2014,7.37
MinyOlympic,Left-handed Scissors,1/21/2014,10.38
GreyPlanet,Pacifier,4/28/2014,8.04
Rockeefl,Slingshot,3/27/2014,4.48
RatWitchHott,Almond Milk,1/2/2014,9.65
Earthamackb,Left-handed Scissors,2/15/2014,6.01
SnoWord,Devil Donut,2/24/2014,5.16
PeatearHiro,Squishee,2/15/2014,7.18
Nicenterge,Barley,3/6/2014,9.30
MyheroCurious,Almond Milk,2/17/2014,12.88
Seepanethor,Buzz Cola,1/21/2014,7.51
GrabsWillows,Krusty-Os,4/25/2014,9.76
NeoSing,Buzz Cola,1/12/2014,9.20
Clericmat,Almond Milk,1/27/2014,12.12
Chicatrisv,Pacifier,1/20/2014,9.00
Ennectur,Barley,3/28/2014,9.24
Audivinq,Bowling Ball,1/4/2014,10.43
Guantorona,Hot Dog,1/6/2014,9.98
RatWitchHott,Saxophone Reed,2/28/2014,8.78
Downpomsto,Buzz Cola,3/22/2014,3.17
Advenopy,Bowling Ball,3/21/2014,4.65
Bradeluxie,Squishee,2/10/2014,6.46
InvaderRoll,Barley,3/19/2014,11.37
Okcupercl,Barley,2/15/2014,5.04
IteTabloid,Buzz Cola,4/3/2014,8.55
BingCheerup,Pacifier,2/20/2014,7.05
IcyEye,Buzz Cola,4/28/2014,12.95
Elatake,Pacifier,3/20/2014,8.59
Nediumpm,Squishee,2/1/2014,5.08
Bridgec,Left-handed Scissors,2/8/2014,4.97
Lyndatage,Saxophone Reed,2/9/2014,3.31
BlogVod,Flower Bouquet,2/23/2014,8.60
Maxieldse,Krusty-Os,1/19/2014,12.88
KentrosBrood,Devil Donut,3/29/2014,8.21
ChonePitcher,Flower Bouquet,2/28/2014,6.55
Meadomark,Left-handed Scissors,1/8/2014,6.62
Sigands,Saxophone Reed,1/29/2014,5.91
InloveDiary,Flower Bouquet,3/4/2014,6.35
Pinchrine,Saxophone Reed,3/15/2014,7.01
Intellba,Almond Milk,3/8/2014,3.04
Intellba,Bowling Ball,4/1/2014,4.16
Goldencero,Orange Punch,2/8/2014,3.57
Bulletinte,Slingshot,1/5/2014,7.73
Maxieldse,Flower Bouquet,3/10/2014,12.49
CzarCandyPool,Almond Milk,2/24/2014,3.75
Eapperpl,Pacifier,1/9/2014,9.08
JungPeakTrimble,Snow Plow,4/9/2014,3.36
Saleurip,Saxophone Reed,2/12/2014,9.77
Eurinewh,Orange Punch,3/20/2014,4.02
GrabsWillows,Flower Bouquet,3/25/2014,4.39
Donaldenes,Almond Milk,4/11/2014,12.73
Hopebbield,Krusty-Os,1/31/2014,6.10
Greentgro,Left-handed Scissors,1/1/2014,4.97
HelloGrand,Buzz Cola,1/14/2014,7.72
Insideret,Krusty-Os,1/7/2014,9.97
Intincrol,Flower Bouquet,2/9/2014,10.08
Grinfous,Snow Plow,2/14/2014,6.43
Besteres,Orange Punch,4/2/2014,11.29
FantasticMessages,Flower Bouquet,2/7/2014,4.14
ChatSingFarer,Left-handed Scissors,4/18/2014,9.01
Gamedirsil,Hot Dog,1/25/2014,4.29
HellUpdate,Devil Donut,1/24/2014,8.35
Namedianon,Left-handed Scissors,2/9/2014,7.62
Crawlergy,Snow Plow,1/31/2014,7.66
Bizarrevces,Bowling Ball,3/15/2014,12.80
Docunche,Slingshot,1/12/2014,3.36
Acidyles,Pacifier,3/16/2014,8.77
Eurinewh,Pacifier,1/4/2014,12.66
Remedios,Barley,2/1/2014,8.63
Mesorock,Krusty-Os,4/4/2014,9.24
Ladynallik,Buzz Cola,2/20/2014,11.93
InvaderRoll,Flower Bouquet,3/26/2014,3.26
NewscastKenka,Buzz Cola,4/4/2014,3.24
Nanosill,Devil Donut,3/10/2014,3.58
ArsenalTalk,Saxophone Reed,4/22/2014,11.31
Poshytess,Slingshot,1/3/2014,7.93
FantasticMessages,Almond Milk,3/21/2014,7.82
Janionon,Saxophone Reed,3/1/2014,3.23
Cyberione,Saxophone Reed,1/8/2014,11.72
Blikitbec,Almond Milk,4/10/2014,7.43
ChiNotice,Pacifier,2/25/2014,12.96
HelpSweet,Saxophone Reed,4/9/2014,9.30
Grouptu,Saxophone Reed,4/24/2014,3.37
JunkyZest,Buzz Cola,1/24/2014,6.31
Acme,Slingshot,3/14/2014,12.95
MatterSimply,Slingshot,2/5/2014,12.22
Staressa,Barley,3/4/2014,9.66
Staressa,Krusty-Os,4/15/2014,3.14
Choicance,Bowling Ball,2/12/2014,6.38
Intendscr,Slingshot,1/10/2014,4.08
Bizarrestan,Almond Milk,4/10/2014,7.08
BrainyZollo,Krusty-Os,1/30/2014,12.01
Estarch,Krusty-Os,3/17/2014,8.79
HeavenNarrative,Buzz Cola,4/3/2014,3.88
ChiNotice,Buzz Cola,3/25/2014,6.52
Melchuran,Squishee,1/18/2014,7.61
AnnouncerKing,Almond Milk,3/14/2014,9.10
Bizarrestan,Snow Plow,2/14/2014,8.12
FunkyFreexRing,Squishee,3/28/2014,7.34
Crawlerra,Saxophone Reed,3/10/2014,12.23
Animorror,Almond Milk,3/8/2014,6.89
Lyndatage,Saxophone Reed,2/16/2014,8.15
Garnetter,Almond Milk,4/18/2014,10.00
MundeLogicLittle,Flower Bouquet,2/16/2014,10.38
Firectored,Saxophone Reed,4/17/2014,11.72
HeheBraceFizz,Hot Dog,1/21/2014,4.09
Kenkatani,Snow Plow,2/4/2014,12.96
Mettertbe,Hot Dog,2/7/2014,4.09
Mundelise,Almond Milk,4/15/2014,7.22
Bloodiell,Slingshot,4/15/2014,12.91
BugsSlayr,Squishee,4/27/2014,3.74
Poshytess,Squishee,1/6/2014,7.16
ChiNotice,Snow Plow,3/19/2014,3.50
Reenaca,Pacifier,2/9/2014,4.12
Bleck,Pacifier,4/30/2014,5.81
Angelstage,Pacifier,2/24/2014,12.85
Firstrous,Devil Donut,2/25/2014,5.68
Insideally,Squishee,4/11/2014,3.19
KiddoAnhart,Buzz Cola,2/28/2014,8.54
Manprope,Pacifier,3/26/2014,10.51
Goldenbrae,Snow Plow,3/30/2014,8.47
Bleck,Almond Milk,3/6/2014,12.79
BlueDev,Buzz Cola,3/2/2014,5.87
Recipecide,Snow Plow,3/22/2014,8.28
PartyGotInspiring,Almond Milk,3/7/2014,9.31
Cimballe,Slingshot,3/13/2014,3.52
Bishinve,Left-handed Scissors,4/14/2014,12.58
Enzapper,Orange Punch,3/20/2014,6.76
Mintaliers,Devil Donut,2/17/2014,11.17
Kenkately,Orange Punch,3/30/2014,8.38
Chiaritail,Pacifier,2/16/2014,4.06
Shualich,Bowling Ball,3/18/2014,12.79
Kenkatani,Hot Dog,1/10/2014,12.55
Noticeteat,Devil Donut,3/31/2014,9.26
Anhartzimm,Orange Punch,4/12/2014,7.24
MintBlogger,Barley,3/27/2014,8.16
PositiveSpider,Buzz Cola,3/21/2014,9.73
NipZero,Left-handed Scissors,4/11/2014,5.02
BrainyZollo,Devil Donut,2/24/2014,10.84
Famoustebl,Saxophone Reed,4/27/2014,8.67
Grouptu,Buzz Cola,1/22/2014,10.68
GossipNight,Snow Plow,1/5/2014,5.02
Prophecyst,Slingshot,3/20/2014,9.49
IteTabloid,Saxophone Reed,4/26/2014,9.74
Scarypticew,Barley,1/20/2014,11.98
BingNumero,Buzz Cola,4/22/2014,7.51
DayWishFear,Hot Dog,1/20/2014,9.22
CuriousStorm,Hot Dog,4/30/2014,3.44
Bozicalyste,Barley,3/9/2014,3.63
Hytermat,Buzz Cola,4/8/2014,7.47
Sheerlism,Saxophone Reed,3/21/2014,7.58
InloveDiary,Devil Donut,2/25/2014,12.61
KiddoAnhart,Devil Donut,4/28/2014,12.82
Faxionan,Saxophone Reed,1/26/2014,3.06
Hubersi,Flower Bouquet,3/28/2014,8.69
Clownerli,Left-handed Scissors,4/19/2014,3.34
Mudsalib,Buzz Cola,3/6/2014,10.04
CrazyNumBrace,Buzz Cola,1/25/2014,11.24
AnnouncerKing,Almond Milk,2/15/2014,11.92
NotePuff,Saxophone Reed,3/29/2014,5.21
Quintin,Bowling Ball,1/8/2014,7.68
Crawlergy,Almond Milk,1/7/2014,11.20
LilCrown2free,Saxophone Reed,4/30/2014,11.03
Euphartn,Orange Punch,1/14/2014,6.26
Insideret,Orange Punch,3/19/2014,6.45
Loverabbit,Slingshot,2/13/2014,5.39
Keeferr,Snow Plow,3/12/2014,10.06
GoldCrayon,Snow Plow,3/24/2014,6.06
Bleck,Snow Plow,3/15/2014,7.45
Bothybarosa,Slingshot,4/27/2014,3.38
LuvBleak,Bowling Ball,1/11/2014,12.60
NumeroTroik,Almond Milk,4/2/2014,5.87
Bradelextr,Buzz Cola,2/17/2014,11.61
Ineschic,Barley,1/14/2014,12.98
ShadesMoto,Pacifier,4/11/2014,5.32
Cognizant Technology Solutions,Hot Dog,1/13/2014,3.94
Puppygman,Barley,4/26/2014,11.95
Nediumpm,Krusty-Os,4/17/2014,5.12
Phiatechma,Pacifier,3/24/2014,9.93
FighterDiary,Flower Bouquet,2/15/2014,8.82
BoaFairy,Saxophone Reed,2/19/2014,4.03
MamaNice,Slingshot,3/6/2014,3.35
Diaryptor,Left-handed Scissors,1/10/2014,8.64
NozyGiga,Almond Milk,1/6/2014,12.85
GurlyJinPersonal,Snow Plow,1/31/2014,8.68
Crawlerra,Buzz Cola,2/19/2014,8.60
Caperlexe,Hot Dog,3/25/2014,10.99
Buddyella,Krusty-Os,3/25/2014,11.02
FantasticMessages,Squishee,4/15/2014,7.91
Saleurip,Flower Bouquet,1/21/2014,8.16
Blognasona,Barley,4/30/2014,7.46
Diaryptor,Pacifier,4/11/2014,4.14
Pedabrsel,Left-handed Scissors,1/19/2014,11.90
HomeySchool,Bowling Ball,2/11/2014,10.36
ActuallyGravity,Flower Bouquet,4/20/2014,7.92
BugsSlayr,Pacifier,1/26/2014,10.37
LogFly,Hot Dog,4/1/2014,3.69
ArsenalTalk,Devil Donut,3/10/2014,5.04
Gerystat,Flower Bouquet,3/19/2014,12.12
Pathours,Pacifier,4/5/2014,6.90
PurpleShoes,Almond Milk,1/30/2014,3.52
Dickader,Saxophone Reed,4/5/2014,3.33
Mundelise,Bowling Ball,1/6/2014,10.39
Nexawayim,Devil Donut,2/20/2014,7.50
IamBillHannah,Left-handed Scissors,4/30/2014,7.09
Medyneph,Saxophone Reed,4/19/2014,6.42
Greygramid,Flower Bouquet,3/21/2014,6.83
Crawlerra,Snow Plow,2/26/2014,8.17
Crownettele,Saxophone Reed,4/23/2014,12.88
Emidsient,Pacifier,3/3/2014,6.94
Nozyforbox,Buzz Cola,4/17/2014,4.06
BabyPro,Squishee,1/1/2014,9.49
SnoWord,Barley,1/10/2014,7.34
Mubarnet,Saxophone Reed,4/28/2014,6.79
Mediaux,Squishee,1/28/2014,10.42
Bizarrestan,Hot Dog,3/12/2014,12.35
Mithelle,Barley,1/22/2014,11.59
KaptainHerald,Flower Bouquet,2/1/2014,9.67
Crawlerra,Devil Donut,4/24/2014,7.67
PurpleShoes,Almond Milk,4/8/2014,3.17
Optionic,Devil Donut,4/23/2014,3.99
Nioneenf,Slingshot,3/28/2014,10.05
Citythr,Hot Dog,2/13/2014,11.83
Glamouroy,Devil Donut,4/22/2014,12.41
Finaldelu,Saxophone Reed,1/17/2014,11.73
RightBeZeether,Almond Milk,1/17/2014,5.92
Finaldelu,Pacifier,4/24/2014,10.35
DoubleTen,Barley,3/15/2014,5.48
LilCrown2free,Bowling Ball,2/15/2014,5.23
Forsyncer,Snow Plow,4/10/2014,5.76
Communique,Krusty-Os,1/30/2014,5.51
Grouptu,Buzz Cola,4/20/2014,5.33
Mudsalib,Saxophone Reed,1/10/2014,8.38
Bloodiell,Devil Donut,3/25/2014,11.32
HeheBraceFizz,Slingshot,2/3/2014,3.56
Ennectur,Bowling Ball,4/11/2014,8.87
Medyneph,Barley,3/12/2014,7.09
PurpleShoes,Pacifier,3/1/2014,4.26
Lineadyne,Bowling Ball,3/24/2014,10.90
Lyndatage,Barley,3/4/2014,9.81
ShadesMoto,Almond Milk,4/23/2014,12.94
CzarCandyPool,Flower Bouquet,3/18/2014,6.69
Enzapper,Hot Dog,3/20/2014,12.22
GinoWillows,Slingshot,4/13/2014,10.41
HelloGrand,Snow Plow,3/20/2014,3.13
Bryankpi,Flower Bouquet,2/22/2014,6.00
Latinament,Snow Plow,1/16/2014,6.07
Kalamicvi,Left-handed Scissors,1/23/2014,5.93
NotePuff,Barley,1/16/2014,6.89
Capenikk,Squishee,3/9/2014,9.62
BlondieYoga,Krusty-Os,3/28/2014,10.44
Hytermat,Almond Milk,4/4/2014,11.34
Arouset,Pacifier,2/4/2014,6.77
CheeseSunset,Hot Dog,3/7/2014,6.70
Enerpeop,Orange Punch,1/5/2014,10.44
Nepheworma,Almond Milk,3/14/2014,5.09
Hartlinkel,Slingshot,3/29/2014,5.31
Genusting,Hot Dog,4/26/2014,9.68
PartyGotInspiring,Buzz Cola,4/25/2014,12.20
Mesorock,Flower Bouquet,3/6/2014,11.33
Sheerlism,Almond Milk,4/14/2014,3.48
IteTabloid,Devil Donut,2/17/2014,4.23
Greygramid,Pacifier,1/29/2014,8.41
Lacegere,Pacifier,2/15/2014,10.92
Momjudebi,Snow Plow,4/8/2014,10.50
Pinchoint,Left-handed Scissors,2/14/2014,5.22
Givandre,Saxophone Reed,4/6/2014,3.39
Ripplayer,Barley,2/28/2014,3.39
Proudonnati,Saxophone Reed,3/25/2014,6.17
RonzUber,Flower Bouquet,1/26/2014,3.62
PurpleShoes,Almond Milk,4/20/2014,9.14
Enturis,Slingshot,1/18/2014,7.53
ListHaro,Saxophone Reed,4/5/2014,11.71
Garnetter,Flower Bouquet,3/4/2014,12.30
PartyBright,Buzz Cola,3/18/2014,10.38
Bedsoft,Bowling Ball,1/14/2014,12.12
2coolGarnett,Slingshot,3/10/2014,10.41
Hartlinkel,Flower Bouquet,2/3/2014,3.71
ChiriShabby,Bowling Ball,2/14/2014,8.58
Apenguinda,Barley,4/24/2014,10.99
Kalamicvi,Almond Milk,4/3/2014,3.52
Adsmanda,Devil Donut,3/17/2014,9.45
DudeCozy,Orange Punch,2/18/2014,5.13
Boostleysse,Saxophone Reed,1/7/2014,3.19
Gerrics,Squishee,3/8/2014,12.11
NotePuff,Saxophone Reed,4/24/2014,6.20
Pathbaud,Squishee,2/28/2014,9.88
Parkettsto,Krusty-Os,1/2/2014,10.48
Purplellis,Barley,3/29/2014,5.04
IcyEye,Hot Dog,1/13/2014,3.13
ChonePitcher,Almond Milk,4/18/2014,4.47
Anospeak,Squishee,4/19/2014,10.27
Mediantam,Buzz Cola,2/13/2014,11.33
Keeferr,Squishee,4/20/2014,7.07
Hanglober,Saxophone Reed,1/2/2014,11.57
Rainbower,Devil Donut,3/15/2014,7.38
Bloggerer,Squishee,2/26/2014,4.89
BurntFear,Devil Donut,1/19/2014,6.77
Pyranka,Orange Punch,1/26/2014,12.03
Greygramid,Left-handed Scissors,2/6/2014,7.79
Phianatune,Hot Dog,4/1/2014,11.68
Screenary,Orange Punch,4/11/2014,10.98
Pathours,Devil Donut,1/12/2014,8.05
EyesWaveWaka,Devil Donut,4/30/2014,11.50
Rocketonbi,Flower Bouquet,2/13/2014,3.63
Promsdeo,Squishee,4/9/2014,12.61
Ennectur,Orange Punch,2/12/2014,7.34
Daranter,Buzz Cola,2/8/2014,12.72
ChonePitcher,Bowling Ball,1/30/2014,5.77
DudeCozy,Hot Dog,4/16/2014,8.44
DressySweetie,Krusty-Os,4/14/2014,3.73
Givandre,Barley,4/29/2014,6.19
JungPeakTrimble,Krusty-Os,3/26/2014,11.54
Inaching,Almond Milk,3/19/2014,6.75
LuvBleak,Barley,3/14/2014,7.65
Carestl,Saxophone Reed,3/3/2014,5.02
Lacegere,Saxophone Reed,3/8/2014,8.23
Pathbaud,Snow Plow,1/13/2014,11.95
Bloggerer,Buzz Cola,4/4/2014,7.43
Saleurip,Hot Dog,3/13/2014,5.51
RazuKenka,Bowling Ball,4/15/2014,7.08
Bothybarosa,Snow Plow,4/20/2014,10.00
Clownerli,Pacifier,3/20/2014,11.36
Faxionan,Slingshot,2/18/2014,7.29
Audivinq,Barley,4/2/2014,4.66
FighterDiary,Flower Bouquet,2/5/2014,5.80
Communique,Almond Milk,3/18/2014,5.76
LordTinsTa,Devil Donut,2/12/2014,11.26
Seepanethor,Snow Plow,1/10/2014,8.68
NoticeSports,Squishee,1/17/2014,11.15
Intincrospr,Flower Bouquet,4/1/2014,7.34
Rainbower,Flower Bouquet,4/29/2014,5.17
Bradeluxie,Pacifier,3/16/2014,12.43
DoggIntincr,Pacifier,1/8/2014,9.83
Intincrol,Snow Plow,1/11/2014,9.95
Doblanepm,Pacifier,2/22/2014,7.60
Giancell,Almond Milk,2/28/2014,3.32
Legendehic,Krusty-Os,3/24/2014,7.23
RonzUber,Devil Donut,4/6/2014,12.14
DudeCozy,Squishee,1/23/2014,6.68
FreexCasual,Snow Plow,3/13/2014,4.02
Mubarnet,Barley,1/25/2014,8.69
Heaticel,Almond Milk,2/23/2014,12.81
Nioneenf,Flower Bouquet,2/20/2014,3.11
ArsenalTalk,Left-handed Scissors,2/16/2014,9.02
HeraldEye,Left-handed Scissors,2/28/2014,3.61
Japanos,Left-handed Scissors,4/1/2014,10.39
Citythr,Hot Dog,1/14/2014,10.47
AutLess,Flower Bouquet,1/28/2014,10.55
HellUpdate,Pacifier,4/5/2014,6.90
BleakKid,Pacifier,3/14/2014,8.69
Nicenterge,Squishee,2/14/2014,5.62
Sheerlism,Almond Milk,4/27/2014,4.44
Firectored,Krusty-Os,2/25/2014,6.58
ShowHead,Left-handed Scissors,2/25/2014,7.03
Okcupercl,Barley,1/23/2014,7.19
Medyneph,Buzz Cola,1/7/2014,11.32
Nepheworma,Almond Milk,3/12/2014,4.41
MonBoost,Slingshot,4/23/2014,12.98
Blikingas,Slingshot,1/15/2014,4.02
Jobbcoqu,Squishee,4/7/2014,9.96
Ollynden,Hot Dog,3/6/2014,3.85
Grouptics,Bowling Ball,4/6/2014,8.38
Logiclynn,Bowling Ball,1/8/2014,9.55
Precing,Snow Plow,2/23/2014,11.28
IcyEye,Snow Plow,2/1/2014,4.83
JournalKnot,Snow Plow,4/26/2014,5.16
Blikitbec,Squishee,3/6/2014,3.37
Perfectione,Orange Punch,2/4/2014,10.01
Heaticel,Bowling Ball,1/3/2014,3.58
Lyfernella,Hot Dog,1/12/2014,5.37
Clownerli,Barley,2/17/2014,12.65
Gambitches,Bowling Ball,4/12/2014,5.89
GossipNight,Squishee,2/17/2014,10.84
Proudonnati,Almond Milk,4/21/2014,4.98
MatterSimply,Barley,4/3/2014,9.63
Grundyneti,Squishee,3/20/2014,6.89
GloryPsychBuddy,Flower Bouquet,2/26/2014,12.29
Stargalta,Buzz Cola,1/26/2014,5.24
HeheBraceFizz,Flower Bouquet,1/2/2014,8.51
Funnynanome,Krusty-Os,3/2/2014,6.87
GloryPsychBuddy,Squishee,3/23/2014,6.32
JungPeakTrimble,Squishee,1/15/2014,12.39
Animorror,Bowling Ball,1/20/2014,5.28
Cuficel,Almond Milk,4/26/2014,9.12
Footballee,Buzz Cola,4/24/2014,4.37
Crownettele,Barley,3/17/2014,5.78
Arouset,Bowling Ball,3/28/2014,12.42
Chicatrisv,Left-handed Scissors,2/24/2014,4.69
Bauhand,Orange Punch,4/5/2014,5.69
FighterDiary,Left-handed Scissors,4/23/2014,12.22
BrainyZollo,Bowling Ball,4/5/2014,5.15
PodFang,Buzz Cola,1/9/2014,6.95
Footballee,Devil Donut,1/7/2014,12.14
Mettertbe,Buzz Cola,2/28/2014,3.33
Ionidexcros,Left-handed Scissors,1/9/2014,8.36
BulletinStar,Devil Donut,3/1/2014,9.21
NumeroTroik,Krusty-Os,1/13/2014,11.72
Mithelle,Squishee,4/2/2014,10.83
Ensererry,Barley,2/19/2014,7.83
Expeline,Bowling Ball,1/6/2014,11.21
RonzUber,Squishee,2/7/2014,9.52
PurpleShoes,Left-handed Scissors,3/21/2014,8.99
Finaldelu,Squishee,3/9/2014,4.65
Pinchrine,Left-handed Scissors,4/26/2014,5.12
OneHelp,Pacifier,1/28/2014,8.73
MinyOlympic,Pacifier,3/25/2014,8.10
EdgyStunna,Barley,4/19/2014,5.49
BauerCheese,Flower Bouquet,4/27/2014,3.26
FoxLipsx,Left-handed Scissors,1/3/2014,4.47
BlueDev,Krusty-Os,4/17/2014,6.32
HenryGhoul,Hot Dog,3/5/2014,8.87
Pariserlo,Left-handed Scissors,4/27/2014,7.66
Saiyanetho,Orange Punch,2/12/2014,12.60
Glamouroy,Left-handed Scissors,3/22/2014,5.57
Mowerpatste,Flower Bouquet,3/29/2014,12.54
Positiverc,Bowling Ball,1/6/2014,10.59
Propence,Krusty-Os,1/28/2014,11.90
PeatearHiro,Slingshot,3/20/2014,6.18
IanInspiring,Buzz Cola,3/14/2014,3.39
RatHunterCrescent,Flower Bouquet,1/28/2014,7.17
HelpSweet,Squishee,4/6/2014,8.15
Hubersi,Saxophone Reed,4/3/2014,8.38
Networker,Barley,2/5/2014,11.25
BlueDev,Almond Milk,4/9/2014,7.19
Global Media,Flower Bouquet,2/26/2014,4.15
NekoAngelic,Bowling Ball,4/11/2014,11.44
JournalKnot,Krusty-Os,2/25/2014,10.23
FantasyXoxox,Flower Bouquet,1/22/2014,7.18
DudeCakeGrabs,Barley,3/8/2014,4.04
FootballNot,Squishee,1/1/2014,12.53
AboutWise,Devil Donut,3/17/2014,4.66
Avanscran,Slingshot,1/6/2014,12.04
Pinchoint,Slingshot,2/7/2014,6.40
Bizarrestan,Hot Dog,1/24/2014,7.67
IcyEye,Saxophone Reed,1/6/2014,8.02
BabyPro,Pacifier,1/19/2014,10.03
PositiveSpider,Squishee,1/8/2014,10.17
Slayerptig,Saxophone Reed,1/19/2014,7.15
CleverSimple,Snow Plow,2/5/2014,8.71
HulkBlonde,Slingshot,4/11/2014,9.95
Acme,Flower Bouquet,1/6/2014,10.38
Networker,Barley,3/18/2014,10.08
PiercePeach,Saxophone Reed,3/28/2014,12.89
Poshytess,Krusty-Os,2/27/2014,12.28
Inaching,Bowling Ball,2/27/2014,11.89
Optionic,Saxophone Reed,4/30/2014,12.33
Collerer,Devil Donut,2/6/2014,5.27
Lyndatage,Buzz Cola,2/18/2014,9.91
GuyPhia,Almond Milk,3/12/2014,7.91
Recipecide,Barley,1/23/2014,10.00
Quintin,Pacifier,2/23/2014,6.94
LaxrWord,Devil Donut,1/31/2014,3.62
NoticeSports,Slingshot,3/17/2014,7.69
ArsenalKino,Krusty-Os,3/3/2014,6.75
Insideally,Devil Donut,3/31/2014,4.52
Positiverc,Krusty-Os,1/25/2014,12.36
Lukeythmed,Devil Donut,2/1/2014,5.89
Acidyles,Left-handed Scissors,2/5/2014,11.40
Finaldelu,Bowling Ball,3/12/2014,7.97
AboveRosa,Squishee,4/8/2014,5.67
FixEver,Bowling Ball,3/16/2014,6.38
Papertica,Buzz Cola,1/17/2014,3.96
Prestigeye,Devil Donut,4/6/2014,12.27
Mudsalib,Devil Donut,3/16/2014,4.05
MatterSimply,Slingshot,1/27/2014,4.94
Colictor,Almond Milk,1/11/2014,10.55
Bizarrevces,Pacifier,1/19/2014,11.95
CzarCandyPool,Almond Milk,4/6/2014,11.27
Parkettsto,Orange Punch,1/5/2014,10.45
Puppygman,Orange Punch,1/15/2014,3.17
AnnouncerKing,Pacifier,2/10/2014,8.63
GoldTarget,Left-handed Scissors,4/4/2014,11.44
Nanosill,Saxophone Reed,4/16/2014,8.40
Puppygman,Bowling Ball,2/21/2014,4.49
BearDigestAir,Slingshot,3/17/2014,11.32
Docunche,Snow Plow,4/2/2014,8.03
Headlines,Buzz Cola,2/20/2014,3.15
Lacegere,Flower Bouquet,2/16/2014,7.41
Acidyles,Buzz Cola,1/25/2014,5.76
Cimballe,Bowling Ball,3/7/2014,4.79
Audivinq,Squishee,1/22/2014,11.65
Donaldenes,Slingshot,1/13/2014,3.44
Bridgec,Pacifier,2/10/2014,7.84
AboveRosa,Squishee,3/13/2014,4.27
Latinament,Devil Donut,4/5/2014,9.74
Selverac,Buzz Cola,2/28/2014,9.14
NekoAngelic,Almond Milk,2/13/2014,10.65
Mubarnet,Bowling Ball,2/24/2014,5.21
BleakKid,Hot Dog,3/1/2014,10.92
BauerPure,Orange Punch,2/6/2014,9.15
Hjaltinre,Orange Punch,3/9/2014,5.98
ChiNotice,Saxophone Reed,3/16/2014,4.53
Rockeefl,Snow Plow,1/23/2014,7.31
ChatSingFarer,Left-handed Scissors,3/17/2014,8.72
PattyFreezing,Barley,4/26/2014,10.12
BingNumero,Almond Milk,2/22/2014,8.14
Lukeythmed,Hot Dog,3/26/2014,10.26
Chestium,Snow Plow,1/11/2014,10.07
Rainbower,Orange Punch,1/20/2014,11.90
HenryGhoul,Squishee,1/31/2014,9.12
Ificoact,Slingshot,4/30/2014,3.59
MurphyFan,Barley,4/13/2014,4.19
Fangossen,Orange Punch,1/12/2014,5.38
Chilledet,Flower Bouquet,2/11/2014,5.43
Adminte,Saxophone Reed,1/26/2014,11.28
Boxwoodet,Buzz Cola,1/7/2014,12.82
NipZero,Devil Donut,2/22/2014,7.04
Bradeluxie,Flower Bouquet,1/31/2014,12.95
Greygramid,Devil Donut,3/21/2014,6.00
Kalamicvi,Bowling Ball,4/24/2014,10.66
Choicance,Saxophone Reed,1/6/2014,12.30
BauerCheese,Snow Plow,2/27/2014,9.07
Bizarrestan,Almond Milk,2/18/2014,10.51
PurpleShoes,Snow Plow,1/25/2014,9.50
Stargalta,Buzz Cola,3/27/2014,6.71
Alcheri,Orange Punch,4/18/2014,6.17
Choicance,Left-handed Scissors,3/9/2014,4.82
GuyFarerCake,Buzz Cola,2/16/2014,8.39
Laquield,Left-handed Scissors,1/14/2014,6.70
Mdogglectus,Almond Milk,2/9/2014,6.63
BlueDev,Bowling Ball,1/15/2014,6.50
HulkDiagonal,Almond Milk,2/6/2014,8.56
Chiaritail,Barley,1/15/2014,5.19
PurpleShoes,Snow Plow,4/14/2014,10.02
HelloGrand,Orange Punch,3/20/2014,6.22
GossipNight,Pacifier,1/29/2014,4.05
Slayerptig,Slingshot,4/6/2014,6.39
DudeCakeGrabs,Saxophone Reed,1/21/2014,11.97
Ionidexcros,Flower Bouquet,2/7/2014,12.10
Glamouroy,Snow Plow,2/24/2014,8.78
DigestTight,Orange Punch,2/15/2014,12.40
Perustima,Flower Bouquet,4/28/2014,5.19
Purplellis,Pacifier,1/11/2014,5.63
Conspiracy,Barley,4/20/2014,12.04
LilCrown2free,Orange Punch,1/1/2014,7.63
DigestTight,Flower Bouquet,3/22/2014,8.53
Clownwean,Krusty-Os,3/5/2014,11.70
Eapperpl,Snow Plow,2/27/2014,5.59
Enlisher,Orange Punch,4/3/2014,12.35
Pathbaud,Hot Dog,2/12/2014,3.14
OneHelp,Krusty-Os,3/11/2014,6.58
Dualcrewa,Saxophone Reed,3/8/2014,10.16
KiddoAnhart,Saxophone Reed,4/13/2014,12.70
BoaFairy,Bowling Ball,1/14/2014,10.27
Cellisti,Snow Plow,2/24/2014,10.53
Hanglober,Buzz Cola,4/15/2014,12.83
Alphenymp,Pacifier,2/25/2014,11.13
Forsyncer,Hot Dog,4/10/2014,5.35
GoldTarget,Almond Milk,4/6/2014,10.40
Boostleysse,Slingshot,1/5/2014,4.82
Brandenes,Almond Milk,3/30/2014,12.28
Eapperpl,Devil Donut,1/12/2014,11.45
ForlifeLittle,Left-handed Scissors,1/27/2014,9.89
Chicatrisv,Pacifier,4/14/2014,8.74
Caperlexe,Buzz Cola,1/5/2014,8.21
Ladynallik,Hot Dog,2/15/2014,7.61
RonzUber,Bowling Ball,3/2/2014,11.33
Alessata,Bowling Ball,2/5/2014,8.20
Eapperpl,Saxophone Reed,3/28/2014,4.92
Greentgro,Almond Milk,1/23/2014,3.60
Lithornet,Saxophone Reed,4/27/2014,5.02
salesforce.com,Flower Bouquet,4/1/2014,10.51
SnoWord,Pacifier,3/2/2014,12.99
Eapperpl,Devil Donut,4/28/2014,4.14
Masonomou,Snow Plow,3/14/2014,9.16
Rushtumm,Bowling Ball,1/23/2014,3.91
Goldenbrae,Squishee,3/11/2014,12.57
Pistarynx,Almond Milk,2/16/2014,12.60
Bingovence,Hot Dog,2/27/2014,12.43
Latinament,Saxophone Reed,4/27/2014,3.48
DeckTruck,Devil Donut,4/15/2014,8.17
Fernotele,Barley,2/25/2014,8.46
Meadomark,Hot Dog,1/3/2014,4.80
Nexawayim,Buzz Cola,1/26/2014,4.14
Alessata,Barley,2/24/2014,8.73
Estarch,Slingshot,2/27/2014,3.15
Bradelextr,Saxophone Reed,1/5/2014,10.36
Caperlexe,Snow Plow,2/19/2014,8.13
Communique,Pacifier,1/11/2014,3.33
IteTabloid,Snow Plow,3/13/2014,11.37
ExpertWitch,Saxophone Reed,4/24/2014,11.17
Richisulse,Almond Milk,2/19/2014,7.07
InvaderRoll,Saxophone Reed,2/26/2014,6.61
Ladynallik,Almond Milk,2/25/2014,8.89
Firectored,Krusty-Os,3/10/2014,7.72
NewscastKenka,Bowling Ball,2/21/2014,10.19
GurlyJinPersonal,Saxophone Reed,1/7/2014,11.18
BauerCheese,Flower Bouquet,4/18/2014,7.89
PositiveSpider,Flower Bouquet,1/18/2014,5.88
Anospeak,Slingshot,1/11/2014,12.27
Rock4me,Krusty-Os,2/11/2014,12.93
Bloodiell,Saxophone Reed,4/30/2014,10.08
LatestPeach,Saxophone Reed,1/14/2014,9.13
Crawlerra,Left-handed Scissors,1/29/2014,5.31
Headlines,Krusty-Os,1/5/2014,11.74
Chilledet,Bowling Ball,2/13/2014,7.93
BuffyArsenal,Krusty-Os,2/2/2014,9.24
Mettertbe,Bowling Ball,3/30/2014,4.41
BiggExotic,Snow Plow,3/1/2014,10.23
ListHaro,Barley,4/10/2014,5.41
Goldenbrae,Bowling Ball,2/18/2014,9.93
RonzUber,Flower Bouquet,1/5/2014,7.44
Rocketonbi,Orange Punch,3/22/2014,11.24
Grouptu,Squishee,2/4/2014,12.95
AnnouncerNephew,Snow Plow,4/14/2014,5.02
Hopercomni,Pacifier,1/23/2014,12.50
Rainbower,Devil Donut,3/10/2014,9.44
Apenguinda,Orange Punch,3/28/2014,6.42
Precing,Slingshot,4/17/2014,9.25
RonzUber,Buzz Cola,1/9/2014,9.89
MurphyFan,Barley,4/22/2014,4.63
Anospeak,Saxophone Reed,2/6/2014,9.13
OneHelp,Saxophone Reed,3/16/2014,11.41
Reportsur,Left-handed Scissors,1/24/2014,12.90
Dailiesol,Buzz Cola,2/13/2014,3.72
BrainyZollo,Slingshot,4/10/2014,11.19
Downpomsto,Buzz Cola,1/28/2014,4.66
Anhartzimm,Bowling Ball,2/27/2014,7.87
LogFly,Left-handed Scissors,1/7/2014,9.61
Nicenterge,Barley,2/26/2014,12.25
Bloodiell,Orange Punch,1/17/2014,10.75
AttractiveSizzlin,Saxophone Reed,1/7/2014,8.78
CheeseSunset,Left-handed Scissors,2/21/2014,6.03
Estarch,Orange Punch,4/3/2014,4.38
Global Media,Left-handed Scissors,2/16/2014,5.78
Enlisher,Orange Punch,1/6/2014,7.05
Hartlinkel,Saxophone Reed,1/9/2014,7.28
KentrosBrood,Krusty-Os,1/10/2014,4.24
AnnouncerNephew,Squishee,1/5/2014,8.68
FixEver,Flower Bouquet,3/31/2014,8.38
Intellba,Krusty-Os,4/15/2014,10.11
Reportsur,Bowling Ball,3/15/2014,10.83
GuyPhia,Saxophone Reed,1/3/2014,9.36
Recipecide,Snow Plow,3/10/2014,3.37
Heaticel,Devil Donut,1/7/2014,10.05
Shaticubed,Flower Bouquet,2/23/2014,8.58
Facerust,Slingshot,2/23/2014,10.42
Comiclengua,Flower Bouquet,3/25/2014,6.68
Perustima,Slingshot,2/6/2014,12.36
Sheerlism,Snow Plow,4/17/2014,6.51
Genusting,Flower Bouquet,4/17/2014,4.30
FunkyFreexRing,Squishee,3/31/2014,11.68
Hippopton,Devil Donut,2/27/2014,10.34
Genusting,Devil Donut,1/28/2014,12.41
ActuallyGravity,Buzz Cola,1/19/2014,12.21
Nioneenf,Buzz Cola,1/5/2014,11.65
Mediantam,Flower Bouquet,3/20/2014,10.02
Emachere,Orange Punch,2/17/2014,7.99
AboveRosa,Buzz Cola,3/22/2014,10.94
Holyncepha,Pacifier,1/13/2014,10.18
NearlyAce,Krusty-Os,3/11/2014,3.04
Clericmat,Krusty-Os,1/29/2014,9.64
Lukeythmed,Left-handed Scissors,1/11/2014,6.49
Gladples,Pacifier,3/24/2014,10.10
ShowHead,Snow Plow,2/23/2014,9.91
Funnynanome,Squishee,3/24/2014,3.25
HulkBlonde,Saxophone Reed,1/30/2014,8.16
Grouptu,Saxophone Reed,4/2/2014,5.43
Holyncepha,Flower Bouquet,2/19/2014,3.88
DudeCakeGrabs,Snow Plow,1/1/2014,11.29
Diaryptor,Snow Plow,4/17/2014,11.74
Pathours,Squishee,2/1/2014,6.38
Crandivx,Buzz Cola,1/22/2014,11.79
Connenetti,Left-handed Scissors,2/5/2014,3.04
Dolockar,Slingshot,2/28/2014,9.06
Indileon,Bowling Ball,4/4/2014,4.61
CrazyNumBrace,Flower Bouquet,4/26/2014,6.53
FreexCasual,Left-handed Scissors,2/18/2014,6.91
Octalogi,Barley,2/24/2014,10.89
BeHeadline,Snow Plow,2/25/2014,11.21
ChiNotice,Hot Dog,3/25/2014,3.96
Ripplayer,Krusty-Os,2/15/2014,5.41
KentrosBrood,Flower Bouquet,1/30/2014,8.30
Kittindol,Left-handed Scissors,1/13/2014,5.36
ChiAra,Bowling Ball,1/8/2014,3.61
Bridgec,Slingshot,3/6/2014,5.19
Deepnesca,Devil Donut,1/8/2014,9.44
Remedios,Bowling Ball,1/12/2014,3.46
Feathmind,Hot Dog,3/31/2014,4.47
AttractiveSizzlin,Squishee,2/12/2014,8.36
Gerrics,Saxophone Reed,3/20/2014,11.05
BlueDev,Slingshot,1/15/2014,11.16
Lineadyne,Left-handed Scissors,3/23/2014,8.76
PartyGotInspiring,Left-handed Scissors,1/9/2014,8.68
Bleck,Bowling Ball,1/3/2014,5.85
Funkimagia,Krusty-Os,3/25/2014,3.46
Animorror,Slingshot,2/4/2014,10.61
Emidsient,Bowling Ball,1/22/2014,12.57
PodFang,Orange Punch,4/13/2014,8.16
PopularTwinkle,Left-handed Scissors,1/21/2014,11.42
Hytermat,Left-handed Scissors,4/20/2014,3.61
Bloodiell,Buzz Cola,1/9/2014,3.59
Formerva,Saxophone Reed,4/7/2014,7.39
Hansgen,Krusty-Os,4/7/2014,11.66
Caperlexe,Left-handed Scissors,4/22/2014,5.84
Poppugg,Pacifier,3/13/2014,10.79
Sheerlism,Left-handed Scissors,4/28/2014,3.73
Networker,Pacifier,1/26/2014,9.43
Bullowerre,Left-handed Scissors,1/18/2014,6.92
Downpomsto,Krusty-Os,1/30/2014,5.78
MyheroCurious,Krusty-Os,4/17/2014,7.74
ActuallyGravity,Barley,3/20/2014,9.60
Nationtr,Krusty-Os,4/1/2014,4.95
Countryboat,Hot Dog,3/31/2014,5.69
PositiveSpider,Barley,2/17/2014,4.52
Lodingee,Almond Milk,1/21/2014,3.22
Bevectican,Hot Dog,4/4/2014,7.73
Choicance,Saxophone Reed,1/25/2014,3.79
Eurinewh,Pacifier,1/28/2014,9.46
Feathmind,Buzz Cola,3/15/2014,3.13
Hjaltinre,Almond Milk,4/16/2014,7.27
Clownerli,Squishee,4/13/2014,3.14
Boostleysse,Almond Milk,3/8/2014,5.63
NearlyAce,Orange Punch,2/19/2014,12.36
Helmedare,Buzz Cola,2/16/2014,9.70
CleverSimple,Hot Dog,1/12/2014,11.62
Fallsbergen,Almond Milk,4/23/2014,6.72
Divisional,Flower Bouquet,4/17/2014,6.04
Seepanethor,Hot Dog,4/2/2014,9.60
Firstrous,Flower Bouquet,2/19/2014,11.09
Audivinq,Snow Plow,4/14/2014,7.72
Pyranka,Bowling Ball,1/6/2014,7.05
CrazyNumBrace,Pacifier,2/19/2014,6.73
Posamne,Slingshot,2/8/2014,5.23
LogFly,Pacifier,3/31/2014,4.42
ChiNotice,Left-handed Scissors,1/4/2014,6.33
ListHaro,Left-handed Scissors,4/4/2014,5.60
IteTabloid,Left-handed Scissors,4/12/2014,3.78
Guantownta,Squishee,3/20/2014,8.62
Guantorona,Saxophone Reed,3/5/2014,3.17
Firectored,Hot Dog,3/6/2014,12.66
CaptainBill,Hot Dog,3/6/2014,11.28
Lyndatage,Hot Dog,4/18/2014,7.38
Cellisti,Slingshot,3/11/2014,12.01
Hippopton,Hot Dog,3/12/2014,7.50
Chiaritail,Saxophone Reed,1/29/2014,7.69
Rushtumm,Bowling Ball,2/8/2014,4.56
PrimeEye,Saxophone Reed,3/31/2014,10.95
LilCrown2free,Bowling Ball,3/23/2014,10.69
RatWitchHott,Pacifier,3/28/2014,6.99
Besteres,Barley,1/16/2014,11.01
Inventilit,Flower Bouquet,4/27/2014,10.80
Precappl,Left-handed Scissors,4/14/2014,11.55
NearlyAce,Saxophone Reed,2/3/2014,10.96
ForlifeLittle,Krusty-Os,2/21/2014,4.32
Lutechax,Pacifier,4/12/2014,4.94
AnnouncerNephew,Barley,3/17/2014,10.45
Authorksto,Snow Plow,1/4/2014,4.86
Cardroug,Flower Bouquet,2/28/2014,10.93
Prelaym,Bowling Ball,1/4/2014,11.18
ActuallyGravity,Barley,3/18/2014,12.15
CaptainBill,Buzz Cola,1/5/2014,9.75
GossipNight,Almond Milk,4/23/2014,9.69
Lentelty,Buzz Cola,2/27/2014,4.43
Lineadyne,Slingshot,4/11/2014,7.54
AnnouncerNephew,Squishee,2/28/2014,6.51
Lukeythmed,Hot Dog,1/12/2014,10.97
BoaFairy,Orange Punch,4/8/2014,8.21
Nediumpm,Bowling Ball,2/28/2014,11.07
Crawlergy,Hot Dog,3/12/2014,9.59
Pathours,Hot Dog,2/19/2014,11.33
Maxieldse,Slingshot,2/25/2014,10.40
PrimeEye,Left-handed Scissors,1/14/2014,11.65
AttractiveSizzlin,Flower Bouquet,4/20/2014,10.54
FoxLipsx,Krusty-Os,3/24/2014,10.40
Dualcrewa,Flower Bouquet,4/24/2014,12.34
Doblanepm,Squishee,1/20/2014,9.68
AshKlugFluent,Krusty-Os,4/22/2014,9.60
Colictor,Bowling Ball,1/25/2014,11.95
ArsenalTalk,Left-handed Scissors,1/26/2014,6.92
Buddyella,Flower Bouquet,3/26/2014,11.93
Greentgro,Buzz Cola,1/28/2014,5.74
Lodingee,Squishee,1/10/2014,8.74
MatterSimply,Hot Dog,4/20/2014,6.13
HeraldEye,Barley,4/15/2014,5.26
Diaryptor,Devil Donut,3/3/2014,8.79
CaptainBill,Buzz Cola,4/2/2014,7.27
NearlyAce,Orange Punch,1/12/2014,3.19
Blikitbec,Orange Punch,2/4/2014,8.25
Chilledet,Orange Punch,2/5/2014,11.67
BiggExotic,Snow Plow,3/2/2014,3.15
Bedsoft,Devil Donut,4/18/2014,4.18
CuriousStorm,Barley,2/19/2014,11.36
Ificoact,Squishee,4/27/2014,12.15
Holyncepha,Hot Dog,4/3/2014,5.37
FunkyFreexRing,Buzz Cola,1/17/2014,4.93
Palecto,Squishee,1/19/2014,9.06
NotBase,Bowling Ball,4/29/2014,9.35
NozyGiga,Snow Plow,4/8/2014,7.69
Firectored,Snow Plow,1/8/2014,11.96
BradleyNarrative,Krusty-Os,1/27/2014,3.72
Portmare,Saxophone Reed,4/23/2014,11.55
Nordimi,Buzz Cola,4/22/2014,9.80
Chestium,Barley,3/31/2014,12.08
Nepheworma,Krusty-Os,1/6/2014,5.70
LaxrWord,Slingshot,2/25/2014,12.10
BristleSell,Snow Plow,3/16/2014,5.72
HulkBlonde,Slingshot,3/31/2014,8.98
Emachere,Saxophone Reed,1/25/2014,4.61
Poshytess,Pacifier,1/12/2014,7.24
ArsenalTalk,Saxophone Reed,3/4/2014,7.37
PartyBright,Hot Dog,3/18/2014,6.40
Clownwean,Saxophone Reed,4/11/2014,10.37
InloveDiary,Saxophone Reed,1/24/2014,7.19
Lineadyne,Saxophone Reed,4/28/2014,8.39
Precing,Saxophone Reed,2/11/2014,3.24
Sheerlism,Flower Bouquet,4/28/2014,12.23
Pathbaud,Devil Donut,4/14/2014,4.66
GreyPlanet,Squishee,4/14/2014,10.68
Guantorona,Devil Donut,2/22/2014,3.56
Intellba,Krusty-Os,4/15/2014,11.54
Chilledet,Flower Bouquet,2/8/2014,8.54
MyheroCurious,Left-handed Scissors,3/15/2014,7.97
ActuallyGravity,Barley,1/19/2014,7.50
Pedabrsel,Pacifier,3/13/2014,7.60
GuyFarerCake,Buzz Cola,2/24/2014,10.69
Hansgen,Flower Bouquet,3/15/2014,6.56
Cuficel,Orange Punch,2/16/2014,4.90
InloveDiary,Buzz Cola,3/26/2014,4.54
KaptainHerald,Barley,3/27/2014,3.98
InvaderRoll,Left-handed Scissors,1/19/2014,6.19
Capenikk,Snow Plow,2/11/2014,3.61
Holyncepha,Slingshot,3/27/2014,8.09
BearDigestAir,Barley,4/22/2014,11.79
Alphenymp,Bowling Ball,2/4/2014,4.53
Cochinger,Krusty-Os,3/28/2014,10.25
NearlyAce,Devil Donut,4/6/2014,12.95
DigestTight,Bowling Ball,2/21/2014,5.05
Outsourif,Slingshot,2/19/2014,6.64
Ripplayer,Squishee,4/29/2014,9.01
NearlyAce,Snow Plow,2/1/2014,7.72
Mithelle,Barley,4/14/2014,5.30
Alcheri,Pacifier,3/17/2014,6.40
Pinchrine,Flower Bouquet,3/26/2014,10.22
Cuficel,Bowling Ball,1/15/2014,5.21
BuffyArsenal,Bowling Ball,1/15/2014,7.41
Rock4me,Snow Plow,4/27/2014,12.28
Karield,Squishee,2/20/2014,3.18
Pistarynx,Barley,4/19/2014,6.59
Remedios,Squishee,2/7/2014,10.61
Anhartzimm,Flower Bouquet,3/7/2014,3.17
Audivinq,Snow Plow,4/23/2014,7.77
PoetTear,Saxophone Reed,1/5/2014,6.13
Lyfernella,Squishee,1/2/2014,12.10
BleakKid,Barley,3/16/2014,6.27
Boardam,Krusty-Os,3/3/2014,9.82
Cardisted,Buzz Cola,1/9/2014,4.08
Mettertbe,Barley,1/15/2014,7.24
Equancoat,Saxophone Reed,2/27/2014,6.61
Bingovence,Snow Plow,1/1/2014,9.34
DeckTruck,Devil Donut,4/26/2014,5.67
Saiyanetho,Squishee,2/14/2014,4.79
Nozyforbox,Almond Milk,1/21/2014,4.73
Estarch,Saxophone Reed,1/19/2014,11.03
Feistybera,Hot Dog,2/26/2014,7.52
Lacegere,Krusty-Os,3/30/2014,12.88
HeheBraceFizz,Hot Dog,4/12/2014,8.17
Candwire,Squishee,4/20/2014,11.08
DoggIntincr,Buzz Cola,4/15/2014,11.58
Capenikk,Barley,3/18/2014,10.91
DudeCozy,Squishee,4/9/2014,3.37
Gerystat,Devil Donut,1/10/2014,9.89
NotePuff,Snow Plow,4/25/2014,10.33
Cochinger,Krusty-Os,1/17/2014,3.63
ForlifeDream,Squishee,4/26/2014,8.69
Enerpeop,Devil Donut,3/26/2014,7.09
Goldenbrae,Left-handed Scissors,2/11/2014,3.86
Puppygman,Bowling Ball,1/1/2014,4.50
Hockeywork,Almond Milk,2/4/2014,6.18
FootballNot,Saxophone Reed,1/30/2014,4.88
Choicance,Flower Bouquet,2/13/2014,7.73
GrabsWillows,Hot Dog,2/27/2014,4.88
CleverSimple,Slingshot,1/29/2014,9.19
BleakKid,Squishee,3/7/2014,5.25
Actuallywo,Bowling Ball,2/4/2014,9.28
Goldenbrae,Hot Dog,1/28/2014,12.81
Japanos,Devil Donut,3/8/2014,9.50
DudeCakeGrabs,Snow Plow,2/3/2014,3.58
Firstrous,Pacifier,4/14/2014,7.19
Capenikk,Flower Bouquet,1/3/2014,6.68
Indileon,Left-handed Scissors,3/19/2014,5.45
Lineadyne,Squishee,1/9/2014,12.34
BulletinStar,Hot Dog,1/14/2014,12.12
Chestium,Squishee,4/7/2014,10.80
Namedianon,Buzz Cola,1/25/2014,4.26
Pyranka,Snow Plow,1/2/2014,10.30
MyheroCurious,Buzz Cola,3/24/2014,11.32
CutieSpecials,Hot Dog,2/10/2014,9.93
Bryankpi,Bowling Ball,1/17/2014,7.58
GossipNight,Pacifier,4/29/2014,4.50
Mediantam,Buzz Cola,2/2/2014,3.87
Ripplayer,Krusty-Os,2/27/2014,11.33
Isergoba,Almond Milk,3/4/2014,8.21
Networker,Krusty-Os,4/18/2014,6.44
IsYour,Krusty-Os,1/18/2014,5.05
Cordlets,Flower Bouquet,2/22/2014,9.79
Oneareratec,Squishee,2/22/2014,7.91
HeavenNarrative,Squishee,3/27/2014,12.86
Goldencero,Pacifier,4/10/2014,12.73
Fangossen,Barley,1/28/2014,9.86
BeHeadline,Squishee,2/20/2014,9.14
Genusting,Left-handed Scissors,2/24/2014,9.71
FantasticMessages,Squishee,2/20/2014,12.71
Intellba,Devil Donut,1/24/2014,8.43
CuriousStorm,Flower Bouquet,4/2/2014,8.09
Octalogi,Squishee,2/7/2014,11.70
LaxrWord,Slingshot,1/5/2014,10.53
Hockeywork,Squishee,2/28/2014,9.50
GoldCrayon,Hot Dog,2/21/2014,5.44
MyheroCurious,Hot Dog,1/4/2014,8.00
FighterDiary,Saxophone Reed,3/26/2014,8.60
Perustima,Krusty-Os,1/14/2014,5.35
NoticeSports,Hot Dog,4/6/2014,9.80
Pinchrine,Flower Bouquet,2/2/2014,7.64
GoldCrayon,Squishee,4/6/2014,4.68
Screenary,Squishee,3/23/2014,10.14
Nozyforbox,Devil Donut,2/8/2014,10.48
Lukeythmed,Bowling Ball,2/2/2014,12.53
Hectakent,Slingshot,3/18/2014,4.73
Emachere,Orange Punch,4/27/2014,3.04
Carestl,Almond Milk,3/7/2014,6.70
Clownerli,Saxophone Reed,1/14/2014,12.72
Lentelty,Slingshot,4/15/2014,6.49
Advenopy,Flower Bouquet,2/26/2014,6.64
Adminte,Slingshot,3/5/2014,11.42
Gladples,Hot Dog,1/3/2014,9.44
BauerPure,Buzz Cola,1/9/2014,4.68
Bleck,Buzz Cola,2/22/2014,12.82
ShowHead,Krusty-Os,2/1/2014,8.81
Greentgro,Snow Plow,4/2/2014,8.88
Boxwoodet,Left-handed Scissors,2/7/2014,11.75
Reportsur,Squishee,3/24/2014,12.06
Divisional,Bowling Ball,1/24/2014,3.76
FantasyXoxox,Almond Milk,1/13/2014,8.87
Clownerli,Bowling Ball,3/18/2014,9.61
Acme,Hot Dog,4/24/2014,3.83
PiercePeach,Snow Plow,4/28/2014,9.73
CatHorray,Left-handed Scissors,3/30/2014,5.05
SnoopyTimes,Left-handed Scissors,4/22/2014,3.16
Daranter,Almond Milk,2/11/2014,11.09
Lodingee,Hot Dog,2/11/2014,6.74
Phiatechma,Left-handed Scissors,4/6/2014,3.51
Careampa,Saxophone Reed,4/15/2014,3.50
NekoAngelic,Pacifier,1/19/2014,11.77
Crandivx,Bowling Ball,2/17/2014,7.50
Interca,Krusty-Os,2/10/2014,3.82
Karield,Left-handed Scissors,3/28/2014,7.09
Citythr,Saxophone Reed,4/9/2014,7.44
Mmershpo,Krusty-Os,4/18/2014,11.94
Perfeho,Barley,1/4/2014,4.46
Optionic,Pacifier,3/26/2014,6.71
Adsmanda,Devil Donut,3/29/2014,10.68
FreexCasual,Barley,3/26/2014,5.39
Connenetti,Krusty-Os,4/21/2014,3.60
Authorksto,Hot Dog,4/12/2014,11.37
Crawlergy,Krusty-Os,1/14/2014,8.01
BiggExotic,Hot Dog,4/25/2014,3.77
FoxLipsx,Flower Bouquet,4/26/2014,9.86
IanInspiring,Pacifier,3/8/2014,9.88
Kampenta,Krusty-Os,1/21/2014,9.31
Alcheri,Barley,1/4/2014,8.30
Lentelty,Slingshot,1/19/2014,12.89
FootballNot,Slingshot,3/1/2014,5.79
Notusetti,Pacifier,2/28/2014,10.92
Clownwean,Barley,1/28/2014,10.36
IsYour,Hot Dog,1/7/2014,7.32
Grinfous,Left-handed Scissors,2/22/2014,9.26
Nexawayim,Orange Punch,1/27/2014,7.83
Karield,Hot Dog,3/13/2014,6.20
HeraldEye,Hot Dog,3/28/2014,11.26
Interca,Pacifier,1/18/2014,6.44
Staressa,Devil Donut,3/27/2014,11.12
Remedios,Slingshot,2/10/2014,6.82
BlondieYoga,Slingshot,1/6/2014,3.32
JunkyZest,Saxophone Reed,1/28/2014,10.96
Lineadyne,Pacifier,2/4/2014,9.26
2cuterreenp,Snow Plow,1/22/2014,7.25
JournalKnot,Saxophone Reed,2/1/2014,8.03
Footballee,Saxophone Reed,1/5/2014,9.51
DoubleTen,Saxophone Reed,3/4/2014,3.46
Firectored,Almond Milk,4/18/2014,7.20
Bingovence,Saxophone Reed,4/24/2014,9.20
LuvBleak,Almond Milk,4/2/2014,12.84
CutieSpecials,Squishee,2/2/2014,4.83
Namedstore,Left-handed Scissors,4/10/2014,5.46
DigestTight,Barley,1/7/2014,12.02
BauerCheese,Flower Bouquet,1/29/2014,12.69
Choicance,Pacifier,2/10/2014,9.15
Docunche,Buzz Cola,4/23/2014,7.14
Rushtumm,Pacifier,4/1/2014,10.16
Poshytess,Orange Punch,2/1/2014,7.57
GreyPlanet,Buzz Cola,1/8/2014,7.53
CatMonkey,Snow Plow,2/9/2014,7.95
DudeCozy,Left-handed Scissors,4/7/2014,10.60
Guantownta,Buzz Cola,4/20/2014,4.64
HelloGrand,Left-handed Scissors,3/30/2014,9.61
RatWitchHott,Barley,3/29/2014,7.14
Candwire,Snow Plow,4/10/2014,5.67
Ollynden,Krusty-Os,3/22/2014,12.75
Famoustebl,Barley,3/22/2014,3.50
Poppugg,Barley,2/27/2014,9.54
DudeCakeGrabs,Pacifier,4/13/2014,7.17
PurpleShoes,Slingshot,4/17/2014,5.13
Mesorock,Bowling Ball,1/20/2014,7.09
Lukeythmed,Squishee,3/30/2014,7.84
Footballee,Slingshot,1/10/2014,9.66
IteTabloid,Flower Bouquet,1/29/2014,10.76
Avanscran,Snow Plow,1/26/2014,12.41
ArsenalKino,Snow Plow,2/21/2014,5.47
SnoWord,Krusty-Os,2/14/2014,12.26
NewscastKenka,Slingshot,3/1/2014,8.61
Horrayerex,Almond Milk,3/1/2014,12.07
BlogVod,Pacifier,2/15/2014,5.69
GloryPsychBuddy,Flower Bouquet,4/18/2014,7.76
RazuKenka,Squishee,1/14/2014,5.26
Enerpeop,Barley,4/20/2014,11.42
AboutWise,Devil Donut,4/10/2014,5.28
Pinchoint,Pacifier,3/19/2014,12.94
Grundyneti,Buzz Cola,3/16/2014,8.46
GurlyJinPersonal,Krusty-Os,1/19/2014,8.09
Daysseedia,Squishee,4/26/2014,11.09
JunkyZest,Hot Dog,1/24/2014,9.73
Divisional,Squishee,4/19/2014,8.70
InvaderRoll,Devil Donut,4/17/2014,12.19
Faxionan,Orange Punch,3/29/2014,12.60
Eurinewh,Krusty-Os,4/2/2014,11.60
Sigands,Squishee,3/18/2014,6.63
CrazyNumBrace,Saxophone Reed,4/15/2014,9.36
BabyPro,Pacifier,3/10/2014,9.93
Intincrospr,Buzz Cola,3/29/2014,3.20
Lodingee,Buzz Cola,4/2/2014,12.16
Interca,Buzz Cola,2/4/2014,10.24
Mediaux,Saxophone Reed,3/10/2014,4.25
MatrixAmerica,Krusty-Os,2/24/2014,7.80
Kalamicvi,Krusty-Os,2/17/2014,9.11
Muddlembler,Devil Donut,4/12/2014,8.81
DudeCakeGrabs,Saxophone Reed,1/8/2014,4.59
PlentyBago,Left-handed Scissors,1/23/2014,8.22
HulkDiagonal,Devil Donut,1/25/2014,11.85
Rock4me,Barley,4/27/2014,5.59
Formerva,Left-handed Scissors,4/2/2014,6.10
LatestPeach,Pacifier,1/2/2014,11.26
CuriousStorm,Bowling Ball,1/23/2014,3.86
Buddyella,Snow Plow,1/2/2014,8.22
ShowHead,Left-handed Scissors,1/28/2014,3.65
Janionon,Left-handed Scissors,3/29/2014,11.39
Greentgro,Orange Punch,1/28/2014,11.36
Gambitches,Almond Milk,3/24/2014,11.90
LogFly,Almond Milk,1/1/2014,6.86
Puppygman,Almond Milk,3/29/2014,3.40
HellUpdate,Buzz Cola,2/6/2014,11.37
Bitfobaas,Flower Bouquet,2/2/2014,8.73
BristleSell,Pacifier,3/27/2014,9.56
Clownwean,Orange Punch,3/9/2014,12.13
HulkBlonde,Hot Dog,2/24/2014,3.52
Rincent,Buzz Cola,2/20/2014,4.50
Enlisher,Almond Milk,3/19/2014,4.08
Reenaca,Barley,3/19/2014,7.59
Jobbcoqu,Squishee,1/21/2014,12.51
Propence,Saxophone Reed,4/20/2014,7.71
ChiAra,Buzz Cola,4/20/2014,10.20
Richisulse,Almond Milk,2/24/2014,8.10
ChellTown,Devil Donut,2/24/2014,7.78
Sigands,Orange Punch,4/10/2014,7.70
Elatake,Pacifier,2/13/2014,8.00
DigestTight,Krusty-Os,3/9/2014,9.33
LogFly,Krusty-Os,2/16/2014,8.64
Bozicalyste,Squishee,3/18/2014,10.48
Stargalta,Left-handed Scissors,3/3/2014,10.71
IcyEye,Snow Plow,1/8/2014,6.11
MagazineMercy,Flower Bouquet,1/15/2014,11.22
Screenary,Snow Plow,4/5/2014,11.22
Fernotele,Left-handed Scissors,2/15/2014,7.77
Indileon,Bowling Ball,4/15/2014,5.26
Pinchrine,Buzz Cola,1/31/2014,3.37
Indileon,Squishee,1/13/2014,9.15
NotBase,Pacifier,1/30/2014,12.95
Poshytess,Orange Punch,3/21/2014,7.66
Greentgro,Flower Bouquet,4/17/2014,11.16
DayWishFear,Slingshot,1/10/2014,5.36
Muddlembler,Almond Milk,4/12/2014,9.16
Insideally,Pacifier,3/31/2014,9.74
Guantorona,Almond Milk,1/21/2014,9.88
Kampenta,Buzz Cola,3/23/2014,8.58
Pyranka,Barley,4/19/2014,7.93
Nediumpm,Flower Bouquet,2/3/2014,4.00
NoticeSports,Bowling Ball,1/22/2014,5.41
Caperlexe,Krusty-Os,3/14/2014,4.65
Mudsalib,Pacifier,3/16/2014,6.98
HomeySchool,Flower Bouquet,1/1/2014,12.39
Footballee,Saxophone Reed,1/3/2014,3.67
Nediumpm,Squishee,4/4/2014,10.45
Janionon,Orange Punch,4/30/2014,9.12
LaxrWord,Snow Plow,4/27/2014,4.10
Buddyanaphe,Left-handed Scissors,1/18/2014,7.67
JunkyZest,Saxophone Reed,3/31/2014,3.55
Muddlembler,Pacifier,2/6/2014,6.73
Chilledet,Saxophone Reed,2/19/2014,6.66
Eurinewh,Almond Milk,4/4/2014,11.77
GuyPhia,Hot Dog,4/24/2014,9.90
HenryGhoul,Hot Dog,4/4/2014,4.00
Pooleachou,Bowling Ball,3/24/2014,11.54
PartyBright,Bowling Ball,3/7/2014,5.06
Poshytess,Devil Donut,3/7/2014,5.51
Authorksto,Orange Punch,3/9/2014,5.46
Pinchoint,Saxophone Reed,3/13/2014,8.22
Expeline,Flower Bouquet,2/2/2014,7.86
Crawlergy,Orange Punch,3/19/2014,7.65
Lodingee,Pacifier,4/19/2014,11.17
BWitheard,Devil Donut,2/9/2014,11.18
Bizarrestan,Slingshot,3/28/2014,6.83
Firectored,Bowling Ball,3/10/2014,10.40
Fangossen,Barley,1/16/2014,11.21
Footballee,Hot Dog,2/26/2014,9.66
Enzapper,Barley,2/12/2014,7.25
Shaticubed,Barley,3/7/2014,11.14
NearlyAce,Orange Punch,4/14/2014,6.43
Avanscran,Flower Bouquet,3/27/2014,8.88
HelloGrand,Krusty-Os,2/25/2014,12.99
Mundelise,Almond Milk,4/28/2014,6.78
Footballee,Slingshot,3/23/2014,5.31
Cordlets,Hot Dog,1/12/2014,11.94
Japanos,Slingshot,2/17/2014,12.72
Bridgec,Saxophone Reed,4/4/2014,11.84
Mundelise,Buzz Cola,2/22/2014,10.50
Outsourif,Left-handed Scissors,4/18/2014,10.92
Bothybarosa,Snow Plow,2/15/2014,4.69
BizarrePinch,Bowling Ball,3/4/2014,5.33
BleakKid,Left-handed Scissors,2/18/2014,3.82
BWitheard,Hot Dog,2/4/2014,7.96
Gerrics,Pacifier,4/2/2014,9.21
AttractiveSizzlin,Slingshot,1/16/2014,12.09
Hjaltinre,Left-handed Scissors,2/4/2014,7.14
BearDigestAir,Pacifier,1/18/2014,5.13
FootballNot,Slingshot,1/9/2014,12.83
Scarypticew,Slingshot,2/5/2014,12.61
Intendscr,Barley,1/24/2014,12.60
PowerSomber,Flower Bouquet,2/6/2014,9.24
Perfeho,Snow Plow,4/15/2014,9.39
PattyFreezing,Slingshot,3/3/2014,7.87
NearlyAce,Buzz Cola,2/27/2014,10.08
NekoAngelic,Devil Donut,4/1/2014,5.28
Mithelle,Bowling Ball,2/25/2014,8.29
Precappl,Bowling Ball,4/8/2014,12.50
Euphartn,Bowling Ball,4/25/2014,5.25
Bryankpi,Barley,1/7/2014,8.12
Buddyanaphe,Flower Bouquet,1/20/2014,8.90
Cimballe,Orange Punch,1/20/2014,6.36
JungPeakTrimble,Devil Donut,1/31/2014,5.77
Pinchrine,Saxophone Reed,1/30/2014,9.76
BearDigestAir,Almond Milk,2/5/2014,11.97
Rainbower,Krusty-Os,1/18/2014,5.20
Guantownta,Slingshot,4/28/2014,8.59
Rushtumm,Orange Punch,4/16/2014,12.28
Downpomsto,Krusty-Os,1/1/2014,8.94
Grundyneti,Almond Milk,4/1/2014,12.83
Jobbcoqu,Buzz Cola,1/31/2014,10.51
Hartlinkel,Krusty-Os,4/27/2014,9.60
Daranter,Bowling Ball,4/30/2014,10.57
Fallstaciom,Hot Dog,3/20/2014,8.57
BurntFear,Pacifier,1/9/2014,7.23
Countryboat,Krusty-Os,4/17/2014,11.99
Meadomark,Hot Dog,3/3/2014,4.81
GurlyJinPersonal,Almond Milk,1/7/2014,6.89
Buckete,Almond Milk,2/7/2014,11.39
EnjoyUnow,Devil Donut,3/27/2014,7.55
NekoAngelic,Hot Dog,1/30/2014,7.60
Cymonovato,Flower Bouquet,3/20/2014,12.76
DudeCakeGrabs,Almond Milk,4/29/2014,4.79
Mediantam,Snow Plow,1/26/2014,6.07
BeHeadline,Slingshot,2/2/2014,12.31
Nioneenf,Almond Milk,1/16/2014,6.72
Blesselud,Krusty-Os,4/1/2014,5.34
Collerer,Orange Punch,1/6/2014,10.94
BristleSell,Orange Punch,3/11/2014,6.32
Bedsoft,Devil Donut,2/11/2014,3.14
Collerer,Barley,3/7/2014,6.65
LuvBleak,Snow Plow,1/28/2014,6.92
LilCrown2free,Devil Donut,3/9/2014,4.05
Bevectican,Buzz Cola,1/12/2014,5.54
Hansgen,Bowling Ball,3/9/2014,8.16
OneHelp,Krusty-Os,1/9/2014,10.56
Enerpeop,Snow Plow,4/16/2014,12.66
AlphaRpg,Saxophone Reed,4/17/2014,8.63
PartyRoachMessage,Slingshot,4/19/2014,8.47
LuvBleak,Barley,4/29/2014,3.38
DressySweetie,Flower Bouquet,2/1/2014,4.64
Perfeho,Orange Punch,2/23/2014,9.22
Pistarynx,Buzz Cola,3/22/2014,10.77
MatterSimply,Saxophone Reed,1/29/2014,3.13
BauerCheese,Almond Milk,3/22/2014,5.14
Lukeythmed,Orange Punch,1/31/2014,3.24
Screenary,Buzz Cola,3/18/2014,11.68
Caperlexe,Devil Donut,3/7/2014,9.90
CzarCandyPool,Krusty-Os,1/13/2014,8.67
Palecto,Almond Milk,1/16/2014,6.30
Nanosill,Snow Plow,4/2/2014,5.69
Bevectican,Squishee,3/5/2014,3.40
Acidyles,Buzz Cola,1/21/2014,10.25
Rainbower,Snow Plow,4/24/2014,7.55
LuvBleak,Devil Donut,2/10/2014,9.54
Genusting,Bowling Ball,3/18/2014,6.69
Expeline,Saxophone Reed,2/4/2014,8.61
BristleSell,Slingshot,1/12/2014,3.03
Lyndatage,Krusty-Os,3/22/2014,3.81
BearDigestAir,Almond Milk,2/2/2014,5.49
Crawlerra,Flower Bouquet,3/22/2014,7.53
Fairliso,Krusty-Os,1/30/2014,8.37
GoldCrayon,Saxophone Reed,1/20/2014,10.26
JungPeakTrimble,Snow Plow,4/18/2014,6.72
Genusting,Almond Milk,1/20/2014,12.58
BiggExotic,Pacifier,3/12/2014,8.31
MatrixAmerica,Snow Plow,2/18/2014,9.09
BauerCheese,Krusty-Os,4/28/2014,12.61
ManiakSaber,Krusty-Os,2/16/2014,5.50
Doblanepm,Flower Bouquet,1/27/2014,3.32
Helmedare,Krusty-Os,2/1/2014,12.48
Mithelle,Saxophone Reed,3/13/2014,12.33
Bedsoft,Flower Bouquet,3/19/2014,7.76
NekoAngelic,Squishee,3/19/2014,5.69
Hockeywork,Barley,3/1/2014,7.00
Cymonovato,Saxophone Reed,2/26/2014,3.81
GoldTarget,Flower Bouquet,1/31/2014,3.39
Nediumpm,Flower Bouquet,1/7/2014,7.48
Quotelyco,Buzz Cola,1/19/2014,9.96
Guantownta,Flower Bouquet,2/1/2014,10.58
Bluestique,Left-handed Scissors,3/4/2014,12.02
GinoWillows,Hot Dog,1/4/2014,12.54
Global Media,Orange Punch,4/4/2014,4.70
Cardroug,Slingshot,3/2/2014,5.46
Masonomou,Flower Bouquet,4/1/2014,10.11
Cognizant Technology Solutions,Flower Bouquet,2/27/2014,6.79
Lettervest,Buzz Cola,3/15/2014,12.22
ChonePitcher,Barley,2/18/2014,7.44
Rincent,Krusty-Os,4/1/2014,5.60
ForlifeLittle,Saxophone Reed,1/13/2014,4.93
Proudonnati,Almond Milk,2/26/2014,12.23
Gerrics,Snow Plow,3/20/2014,6.83
Fallsbergen,Hot Dog,2/28/2014,9.96
GuyFarerCake,Barley,3/9/2014,10.41
Bulletinte,Slingshot,3/7/2014,3.77
MamaNice,Saxophone Reed,1/31/2014,7.38
Ladynallik,Orange Punch,2/19/2014,5.38
Animorror,Snow Plow,3/24/2014,9.20
GrabsWillows,Krusty-Os,1/25/2014,7.21
Flakergo,Slingshot,2/4/2014,11.89
Crownettele,Snow Plow,4/7/2014,9.37
Glamouroy,Saxophone Reed,2/13/2014,4.12
Lentelty,Devil Donut,1/5/2014,11.94
Feathmind,Buzz Cola,1/19/2014,12.22
Portmare,Almond Milk,2/23/2014,11.44
Bradelextr,Saxophone Reed,3/9/2014,4.65
ShangVengeance,Devil Donut,3/19/2014,7.13
FootballNot,Flower Bouquet,2/4/2014,7.12
Divisional,Saxophone Reed,4/9/2014,7.93
Fallsbergen,Left-handed Scissors,3/9/2014,11.97
AttractiveSizzlin,Flower Bouquet,1/14/2014,6.97
Namedstore,Bowling Ball,1/25/2014,5.71
PlaySnoop,Pacifier,4/10/2014,5.20
Boardam,Barley,1/12/2014,7.43
Bevectican,Saxophone Reed,2/20/2014,8.32
DayWishFear,Orange Punch,4/9/2014,8.00
Crownettele,Barley,4/22/2014,6.59
Mmershpo,Krusty-Os,1/30/2014,6.61
BeHeadline,Saxophone Reed,4/19/2014,4.91
PrimeEye,Flower Bouquet,2/3/2014,5.46
Palecto,Buzz Cola,4/9/2014,4.59
Bitfobaas,Krusty-Os,1/5/2014,5.08
MinyOlympic,Almond Milk,3/6/2014,9.03
ArsenalTalk,Hot Dog,2/16/2014,5.16
AboveRosa,Devil Donut,4/16/2014,5.87
BabyPro,Devil Donut,1/15/2014,6.06
Doblanepm,Snow Plow,4/23/2014,7.85
ArsenalKino,Orange Punch,1/27/2014,5.18
Rincent,Hot Dog,1/11/2014,11.24
Intendscr,Slingshot,2/21/2014,10.89
AnnouncerNephew,Left-handed Scissors,2/2/2014,9.19
Caperlexe,Almond Milk,3/17/2014,3.16
Mediantam,Hot Dog,2/2/2014,4.88
Lithornet,Snow Plow,4/12/2014,11.22
HomeySchool,Bowling Ball,1/27/2014,5.09
Maxieldse,Saxophone Reed,2/12/2014,9.08
Ificoact,Buzz Cola,1/18/2014,5.48
Mowerpatste,Almond Milk,1/28/2014,12.48
PopularTwinkle,Squishee,2/27/2014,9.07
NozyGiga,Left-handed Scissors,1/31/2014,3.92
PurpleShoes,Hot Dog,1/1/2014,12.40
Audivinq,Slingshot,3/31/2014,4.47
Finaldelu,Bowling Ball,2/1/2014,6.07
IteTabloid,Devil Donut,2/10/2014,12.22
Pariserlo,Flower Bouquet,4/20/2014,4.83
